function_name,arguments,returns,security_definer,volatility,language,config,owner,grantees,body_length
_ar_enqueue_email,"p_template_key text, p_recipient_id uuid, p_metadata jsonb",void,t,VOLATILE,plpgsql,search_path=public,postgres,"PUBLIC,sandbox_exec",499
_ar_role_caps_touch,"",trigger,f,VOLATILE,plpgsql,"",postgres,"PUBLIC,sandbox_exec",111
_derive_self_value_from_score,"p_self_score numeric, p_criteria text, p_uom_type text, p_target numeric, p_r5 text, p_r4 text, p_r3 text, p_r2 text, p_r1 text, p_r0 text",numeric,f,IMMUTABLE,plpgsql,search_path=public,postgres,"PUBLIC,sandbox_exec",1853
_filter_files_for_employee,"p_files jsonb, p_employee_id uuid, p_department_id uuid",jsonb,f,IMMUTABLE,plpgsql,search_path=public,postgres,"PUBLIC,sandbox_exec",1164
_self_profile_locked_snapshot,"",profiles,t,STABLE,sql,search_path=public,postgres,sandbox_exec,62
acknowledge_annual_review_instance,"p_instance_id uuid, p_rebuttal text",void,t,VOLATILE,plpgsql,search_path=public,postgres,sandbox_exec,1259
activate_permit,p_permit_id uuid,jsonb,t,VOLATILE,plpgsql,search_path=public,postgres,sandbox_exec,2058
admin_apply_system_scores_upgrade,"p_instance_id uuid, p_system_scores jsonb, p_system_scores_raw jsonb, p_total_score numeric, p_final_rating text, p_reason text",jsonb,t,VOLATILE,plpgsql,search_path=public,postgres,sandbox_exec,3975
admin_reassign_orphaned_reviewers,"p_instance_ids uuid[], p_stage text, p_new_reviewer_id uuid, p_reason text",jsonb,t,VOLATILE,plpgsql,search_path=public,postgres,"PUBLIC,sandbox_exec",2379
admin_rescale_dust_emission_june_2026,p_dry_run boolean,"TABLE(employee_code text, employee_name text, kpi_id uuid, submission_id uuid, old_self_value numeric, new_cases numeric, old_self_score numeric, new_self_score numeric, old_manager_score numeric, new_manager_score numeric, old_hr_score numeric, new_hr_score numeric, old_final_score numeric, new_final_score numeric, action text)",t,VOLATILE,plpgsql,search_path=public,postgres,sandbox_exec,8873
advance_annual_review_status,"p_instance_id uuid, p_reviewer_role annual_reviewer_role",annual_review_status,f,VOLATILE,plpgsql,search_path=public,postgres,"PUBLIC,sandbox_exec",10255
aggregate_sub_period_scores,"p_kpi_id uuid, p_month text, p_year integer",numeric,t,VOLATILE,plpgsql,search_path=public,postgres,sandbox_exec,452
alert_on_reviewer_deactivation,"",trigger,t,VOLATILE,plpgsql,search_path=public,postgres,"PUBLIC,sandbox_exec",1168
analyze_workflow_global_default_migration,"","TABLE(bucket text, source_config_id uuid, config_type text, config_value text, review_period text, review_year integer, global_template_id uuid, existing_period_template_id uuid, reason text)",t,STABLE,plpgsql,search_path=public,postgres,sandbox_exec,2733
annual_review_accessible_instances,p_cycle_id uuid,TABLE(instance_id uuid),t,STABLE,plpgsql,search_path=public,postgres,"PUBLIC,sandbox_exec",1319
annual_review_bu_head_terminal_diagnostic,p_cycle_id uuid,"TABLE(instance_id uuid, employee_id uuid, employee_code text, employee_name text, overall_status text, enabled_stages jsonb, bu_names text, current_dept_head_id uuid, projected_status text, projected_chain jsonb)",t,STABLE,plpgsql,search_path=public,postgres,sandbox_exec,1304
annual_review_compute_final_score,"p_stage_weights jsonb, p_responses_by_role jsonb, p_system_score_total numeric, p_criteria_weighted_score numeric",jsonb,f,IMMUTABLE,plpgsql,search_path=public,postgres,"PUBLIC,sandbox_exec",1734
annual_review_compute_final_summary,p_instance_id uuid,"TABLE(criteria_weighted_score numeric, total_score numeric, final_rating text)",f,STABLE,plpgsql,search_path=public,postgres,"PUBLIC,sandbox_exec",4090
annual_review_directory_access,v_uid uuid,jsonb,t,STABLE,plpgsql,search_path=public,postgres,sandbox_exec,9194
annual_review_downstream_rewind_diagnostic,"","TABLE(instance_id uuid, employee_code text, full_name text, overall_status text, latest_locked_role text)",t,STABLE,sql,search_path=public,postgres,"PUBLIC,sandbox_exec",811
annual_review_edit_workflow,"p_instance_id uuid, p_enabled_stages jsonb, p_reviewer_overrides jsonb, p_reason text, p_mode text",void,t,VOLATILE,plpgsql,search_path=public,postgres,"PUBLIC,sandbox_exec",2111
annual_review_effective_chain,p_instance_id uuid,jsonb,f,STABLE,plpgsql,search_path=public,postgres,"PUBLIC,sandbox_exec",480
annual_review_effective_chain_details,p_instance_id uuid,"TABLE(stage annual_reviewer_role, reviewer_id uuid, skipped boolean, skip_reason text, duplicate_of annual_reviewer_role)",f,STABLE,plpgsql,search_path=public,postgres,"PUBLIC,sandbox_exec",2364
annual_review_effective_template_id,p_instance_id uuid,uuid,f,STABLE,sql,search_path=public,postgres,"PUBLIC,sandbox_exec",122
annual_review_employee_has_login,p_employee_id uuid,boolean,t,STABLE,sql,"search_path=public, auth",postgres,sandbox_exec,90
annual_review_first_pending_status,p_enabled jsonb,annual_review_status,f,IMMUTABLE,plpgsql,search_path=public,postgres,"PUBLIC,sandbox_exec",548
annual_review_instances_validate_weights_tg,"",trigger,f,VOLATILE,plpgsql,search_path=public,postgres,"PUBLIC,sandbox_exec",363
annual_review_last_send_back,p_instance_id uuid,"TABLE(sent_back_at timestamp with time zone, performed_by uuid, performer_name text, from_stage text, to_stage text, reason text)",t,STABLE,plpgsql,search_path=public,postgres,"PUBLIC,sandbox_exec",1094
annual_review_next_status,"p_enabled jsonb, p_current annual_review_status",annual_review_status,f,IMMUTABLE,plpgsql,search_path=public,postgres,"PUBLIC,sandbox_exec",1249
annual_review_prev_role,"p_enabled jsonb, p_role annual_reviewer_role",annual_reviewer_role,f,IMMUTABLE,plpgsql,search_path=public,postgres,"PUBLIC,sandbox_exec",461
annual_review_prev_status,"p_enabled jsonb, p_role annual_reviewer_role",annual_review_status,f,IMMUTABLE,plpgsql,search_path=public,postgres,"PUBLIC,sandbox_exec",743
annual_review_rehydrate_kra_for_cycle,"p_cycle_id uuid, p_mode text, p_reason text, p_instance_ids uuid[]",uuid,t,VOLATILE,plpgsql,search_path=public,postgres,"PUBLIC,sandbox_exec",5744
annual_review_repair_downstream_rewind,"p_instance_id uuid, p_reason text",annual_review_status,t,VOLATILE,plpgsql,search_path=public,postgres,"PUBLIC,sandbox_exec",4413
annual_review_resolve_final_rating,p_total_score numeric,text,f,STABLE,plpgsql,search_path=public,postgres,"PUBLIC,sandbox_exec",883
annual_review_reviewer_slot_diagnostic,p_cycle_id uuid,"TABLE(instance_id uuid, employee_id uuid, employee_code text, employee_name text, overall_status text, enabled_stages jsonb, slot text, stage_enabled boolean, stage_still_open boolean, actual_user_id uuid, expected_user_id uuid, mismatch_kind text)",t,STABLE,plpgsql,search_path=public,postgres,sandbox_exec,3839
annual_review_rollback_kra_rehydrate_run,"p_run_id uuid, p_reason text",uuid,t,VOLATILE,plpgsql,search_path=public,postgres,"PUBLIC,sandbox_exec",3106
annual_review_stage_ord,p_role text,integer,f,IMMUTABLE,sql,search_path=public,postgres,"PUBLIC,sandbox_exec",210
annual_review_stage_scoreable_criteria_count,"p_instance_id uuid, p_reviewer_role annual_reviewer_role",integer,f,STABLE,plpgsql,search_path=public,postgres,"PUBLIC,sandbox_exec",1230
annual_review_status_ord,p_status text,integer,f,IMMUTABLE,sql,search_path=public,postgres,"PUBLIC,sandbox_exec",245
annual_review_status_rank,s annual_review_status,integer,f,IMMUTABLE,sql,"",postgres,"PUBLIC,sandbox_exec",330
annual_review_subtree_ids,"p_manager uuid, p_max_depth integer",TABLE(employee_id uuid),t,STABLE,sql,search_path=public,postgres,"PUBLIC,sandbox_exec",405
annual_review_validate_stage_weights,p_weights jsonb,boolean,f,IMMUTABLE,plpgsql,search_path=public,postgres,"PUBLIC,sandbox_exec",650
apply_final_score_rule,p_kpi_id uuid,void,t,VOLATILE,plpgsql,search_path=public,postgres,sandbox_exec,4186
apply_workflow_global_default_migration,"","TABLE(run_id uuid, rows_inserted integer, rows_skipped integer)",t,VOLATILE,plpgsql,search_path=public,postgres,sandbox_exec,1670
ar_expected_reviewer_slots,p_instance_id uuid,"TABLE(slot text, expected_user_id uuid)",t,STABLE,plpgsql,search_path=public,postgres,sandbox_exec,1098
archive_annual_review_response,"p_response_id uuid, p_reason text",void,t,VOLATILE,plpgsql,search_path=public,postgres,"PUBLIC,sandbox_exec",803
assign_permit_number,"",trigger,f,VOLATILE,plpgsql,search_path=public,postgres,"PUBLIC,sandbox_exec",228
audit_okv_evidence_targeting,"",trigger,t,VOLATILE,plpgsql,search_path=public,postgres,sandbox_exec,1344
auto_compute_rating_and_clamp_scores,"",trigger,f,VOLATILE,plpgsql,search_path=public,postgres,"PUBLIC,sandbox_exec",2300
auto_expire_rollback_requests,"",trigger,t,VOLATILE,plpgsql,search_path=public,postgres,sandbox_exec,229
backfill_late_joiner_org_kpis,p_dry_run boolean,jsonb,t,VOLATILE,plpgsql,search_path=public,postgres,sandbox_exec,3358
backfill_management_stage_all,"p_reopen_completed boolean, p_dry_run boolean, p_reason text","TABLE(management_uid uuid, management_name text, rows_stamped integer, rows_reopened integer, snapshots_written integer)",t,VOLATILE,plpgsql,search_path=public,postgres,sandbox_exec,1001
backfill_management_stage_for_manager,"p_management_uid uuid, p_reopen_completed boolean, p_dry_run boolean, p_reason text",jsonb,t,VOLATILE,plpgsql,search_path=public,postgres,sandbox_exec,3798
backfill_multimonth_percolation,"","TABLE(processed_count integer, sibling_count integer)",t,VOLATILE,plpgsql,search_path=public,postgres,sandbox_exec,7471
batch_insert_kpis_with_rollover_flag,kpis_json jsonb,integer,t,VOLATILE,plpgsql,search_path=public,postgres,sandbox_exec,1731
block_when_annual_cycle_closed,"",trigger,t,VOLATILE,plpgsql,search_path=public,postgres,sandbox_exec,1449
bulk_create_annual_review_instances,"p_employee_ids uuid[], p_cycle_id uuid","TABLE(employee_id uuid, instance_id uuid, status text, message text)",t,VOLATILE,plpgsql,search_path=public,postgres,sandbox_exec,1160
bulk_exclude_annual_review_instances,"p_instance_ids uuid[], p_reason text","TABLE(instance_id uuid, status text, message text)",t,VOLATILE,plpgsql,search_path=public,postgres,sandbox_exec,1942
bulk_finalize_annual_reviews,"p_instance_ids uuid[], p_final_rating text, p_hr_remarks text",integer,f,VOLATILE,plpgsql,search_path=public,postgres,"PUBLIC,sandbox_exec",890
bulk_force_reset_annual_review_instances,"p_items jsonb, p_reason text",jsonb,t,VOLATILE,plpgsql,search_path=public,postgres,sandbox_exec,1453
bulk_management_approve,"p_cells jsonb, p_batch_reason text, p_attachment_urls jsonb, p_achieved_values jsonb, p_is_override boolean",jsonb,t,VOLATILE,plpgsql,search_path=public,postgres,sandbox_exec,14753
bulk_reopen_cells,"p_cells jsonb, p_stages_to_unlock text[], p_reason text",jsonb,t,VOLATILE,plpgsql,search_path=public,postgres,sandbox_exec,3639
bulk_restore_annual_review_instances,"p_instance_ids uuid[], p_reason text","TABLE(instance_id uuid, status text, message text)",t,VOLATILE,plpgsql,search_path=public,postgres,sandbox_exec,1905
bulk_review_snapshot,"p_period text, p_year integer, p_viewer_stage text, p_filters jsonb, p_page integer, p_page_size integer",jsonb,t,STABLE,plpgsql,search_path=public,postgres,sandbox_exec,3634
bulk_save_stage_drafts,"p_stage text, p_cells jsonb, p_batch_reason text, p_attachment_urls jsonb, p_achieved_values jsonb, p_manual_scores jsonb, p_is_na jsonb, p_na_reasons jsonb",jsonb,t,VOLATILE,plpgsql,search_path=public,postgres,sandbox_exec,9481
bulk_scope_preview,"p_period text, p_year integer, p_filters jsonb",jsonb,t,STABLE,plpgsql,search_path=public,postgres,sandbox_exec,2059
bulk_set_annual_review_template_override,"p_instance_ids uuid[], p_template_id uuid, p_reason text","TABLE(instance_id uuid, status text, message text)",t,VOLATILE,plpgsql,search_path=public,postgres,sandbox_exec,1973
bulk_upsert_org_kpi_values,p_rows jsonb,"TABLE(id uuid, was_insert boolean)",f,VOLATILE,plpgsql,search_path=public,postgres,"PUBLIC,sandbox_exec",4928
bulk_write_stage_scores,"p_stage text, p_cells jsonb, p_batch_reason text, p_attachment_urls jsonb",jsonb,t,VOLATILE,plpgsql,search_path=public,postgres,sandbox_exec,10158
bulk_write_stage_scores,"p_stage text, p_cells jsonb, p_batch_reason text, p_attachment_urls jsonb, p_manual_scores jsonb, p_achieved_values jsonb, p_is_override boolean, p_evidence_urls jsonb, p_is_na jsonb, p_na_reasons jsonb",jsonb,t,VOLATILE,plpgsql,search_path=public,postgres,sandbox_exec,30705
can_access_annual_review_instance_for_assistance,p_instance_id uuid,boolean,t,STABLE,plpgsql,search_path=public,postgres,sandbox_exec,2527
can_grant_access_profile,"_uid uuid, _profile_id uuid, _target_user uuid",boolean,t,STABLE,plpgsql,search_path=public,postgres,sandbox_exec,1033
can_proxy_submit_annual_review,"_instance_id uuid, _proxy_user_id uuid",boolean,t,STABLE,plpgsql,search_path=public,postgres,sandbox_exec,2744
can_send_notification_to,"sender uuid, target uuid",boolean,t,STABLE,plpgsql,search_path=public,postgres,sandbox_exec,4943
can_send_notification_to,"sender uuid, target uuid, context jsonb",boolean,t,STABLE,plpgsql,search_path=public,postgres,sandbox_exec,644
can_view_kpi_row,"_kpi_id uuid, _employee_id uuid, _is_org_level boolean, _category_id uuid, _kra_name text, _kpi_name text",boolean,t,STABLE,plpgsql,search_path=public,postgres,sandbox_exec,1600
can_view_profile_for_annual_review_directory,p_profile_id uuid,boolean,t,STABLE,plpgsql,search_path=public,postgres,sandbox_exec,797
can_view_profile_for_safety,"_viewer_id uuid, _target_id uuid",boolean,t,STABLE,sql,search_path=public,postgres,sandbox_exec,3062
can_view_safety_incident,_incident_id uuid,boolean,t,STABLE,sql,search_path=public,postgres,sandbox_exec,930
canonical_stage_order,_stage text,integer,f,IMMUTABLE,sql,search_path=public,postgres,"PUBLIC,sandbox_exec",419
change_org_kpi_scope_cascading,"p_category_id uuid, p_kra_name text, p_kpi_name text, p_base_period text, p_base_year integer, p_new_scope text, p_cascade_forward boolean, p_dry_run boolean, p_triggered_by uuid",jsonb,t,VOLATILE,plpgsql,search_path=public,postgres,sandbox_exec,5773
check_review_period_permission,"p_user_id uuid, p_period_name text, p_review_year integer, p_action text",boolean,t,STABLE,plpgsql,search_path=public,postgres,sandbox_exec,3316
check_template_has_active_kpis,template_uuid uuid,boolean,t,VOLATILE,plpgsql,search_path=public,postgres,sandbox_exec,500
clear_send_back_marker_on_advance,"",trigger,t,VOLATILE,plpgsql,search_path=public,postgres,sandbox_exec,976
clone_annual_review_cycle,"p_source_id uuid, p_new_name text, p_review_year integer, p_copy_templates boolean, p_copy_rules boolean",uuid,t,VOLATILE,plpgsql,search_path=public,postgres,sandbox_exec,1887
clone_annual_review_template,"p_source_id uuid, p_new_name text",uuid,t,VOLATILE,plpgsql,search_path=public,postgres,sandbox_exec,1249
close_annual_review_cycle,p_cycle_id uuid,integer,f,VOLATILE,plpgsql,search_path=public,postgres,"PUBLIC,sandbox_exec",819
close_duplicate_incident,"p_incident_id uuid, p_notes text",jsonb,t,VOLATILE,plpgsql,search_path=public,postgres,sandbox_exec,1861
close_permit,"p_permit_id uuid, p_notes text",jsonb,t,VOLATILE,plpgsql,search_path=public,postgres,sandbox_exec,1202
complete_drill,"p_drill_id uuid, p_evacuation_seconds integer, p_score numeric",jsonb,t,VOLATILE,plpgsql,search_path=public,postgres,sandbox_exec,1704
compute_annual_review_weighted_score,"p_instance_id uuid, p_reviewer_role annual_reviewer_role",numeric,f,STABLE,plpgsql,search_path=public,postgres,"PUBLIC,sandbox_exec",1633
compute_carry_kra_contribution,"p_employee_id uuid, p_fy_start integer, p_cfg jsonb, p_weight numeric",numeric,t,STABLE,plpgsql,search_path=public,postgres,"PUBLIC,sandbox_exec",2995
compute_org_kpi_score_for_kpi,"p_kpi_id uuid, p_achieved numeric","TABLE(score numeric, rating text)",t,STABLE,plpgsql,search_path=public,postgres,sandbox_exec,901
correct_may_kpis,"p_category_id uuid, p_old_kra text, p_old_kpi text, p_new_kra text, p_new_kpi text, p_definition_id uuid, p_review_period text, p_review_year integer",integer,t,VOLATILE,plpgsql,search_path=public,postgres,sandbox_exec,2685
create_or_get_annual_review_instance,"p_employee_id uuid, p_cycle_id uuid","TABLE(instance_id uuid, was_created boolean)",t,VOLATILE,plpgsql,search_path=public,postgres,sandbox_exec,5444
create_repair_profile,"p_employee_code text, p_full_name text, p_set_inactive boolean, p_reason text",uuid,t,VOLATILE,plpgsql,search_path=public,postgres,sandbox_exec,1236
decide_permit_level,"p_permit_id uuid, p_decision text, p_notes text",jsonb,t,VOLATILE,plpgsql,search_path=public,postgres,sandbox_exec,2380
delete_annual_review_directory_override,"p_user_id uuid, p_reason text",void,t,VOLATILE,plpgsql,search_path=public,postgres,sandbox_exec,776
detect_alias_drift,"","TABLE(definition_id uuid, canonical_kra_name text, canonical_kpi_name text, category_id uuid, category_name text, variant_kra_count integer, variant_kra_names text[], alias_count integer)",t,STABLE,plpgsql,search_path=public,postgres,sandbox_exec,826
detect_intra_year_cycle_anchor_drift,"","TABLE(employee_id uuid, kpi_name text, review_year integer, frequency text, cycle_window text, anchors text[], affected_row_count bigint)",t,STABLE,sql,search_path=public,postgres,"PUBLIC,sandbox_exec",977
detect_org_kpi_cycle_anchor_drift,"","TABLE(category_id uuid, kra_name text, kpi_name text, review_year integer, frequency text, distinct_anchors text[], affected_kpi_count bigint)",t,STABLE,plpgsql,search_path=public,postgres,sandbox_exec,1175
detect_training_needs_for_period,"p_review_period text, p_review_year integer, p_threshold numeric",integer,t,VOLATILE,plpgsql,search_path=public,postgres,sandbox_exec,2194
dev_report_summary,"period_from date, period_to date","TABLE(feature_count bigint, bug_count bigint, timeline_count bigint, min_entry_date date, max_entry_date date)",t,STABLE,sql,search_path=public,postgres,sandbox_exec,422
diagnose_org_kpi_propagation_gap,"p_category_id uuid, p_kra_name text, p_kpi_name text, p_review_period text, p_review_year integer","TABLE(kpi_id uuid, employee_id uuid, full_name text, employee_code text, department_name text, kpi_status text, okv_status text, okv_achieved numeric, okv_is_na boolean, has_review_submission boolean, rs_self_score numeric, classification text, reason text)",t,VOLATILE,plpgsql,search_path=public,postgres,sandbox_exec,4946
dismiss_suggestion,"p_kind text, p_left_id uuid, p_right_id uuid, p_reason text",void,t,VOLATILE,plpgsql,search_path=public,postgres,sandbox_exec,875
dust_cases_to_rating,p_cases numeric,numeric,f,IMMUTABLE,sql,search_path=public,postgres,"PUBLIC,sandbox_exec",221
dust_rating_to_level,p_rating numeric,rating_level,f,IMMUTABLE,sql,search_path=public,postgres,sandbox_exec,201
enforce_ar_reviewer_response_rebind,"",trigger,f,VOLATILE,plpgsql,search_path=public,postgres,"PUBLIC,sandbox_exec",2641
enforce_bu_head_terminal_stage,"",trigger,f,VOLATILE,plpgsql,search_path=public,postgres,"PUBLIC,sandbox_exec",709
enforce_collapsed_dept_bu_normalise,"",trigger,f,VOLATILE,plpgsql,search_path=public,postgres,"PUBLIC,sandbox_exec",575
enforce_frequency_lock_on_submission,"",trigger,t,VOLATILE,plpgsql,search_path=public,postgres,sandbox_exec,4502
enforce_intra_year_cycle_anchor_consistency,"",trigger,t,VOLATILE,plpgsql,search_path=public,postgres,"PUBLIC,sandbox_exec",1080
enforce_management_terminal_stage,"",trigger,f,VOLATILE,plpgsql,search_path=public,postgres,"PUBLIC,sandbox_exec",2217
enforce_missing_dept_head_stage_strip,"",trigger,f,VOLATILE,plpgsql,search_path=public,postgres,"PUBLIC,sandbox_exec",827
enforce_on_behalf_score_or_na,"",trigger,f,VOLATILE,plpgsql,search_path=public,postgres,"PUBLIC,sandbox_exec",2590
enforce_profile_self_update_column_scope,"",trigger,t,VOLATILE,plpgsql,search_path=public,postgres,"PUBLIC,sandbox_exec",2673
enforce_self_snapshot_mirror,"",trigger,t,VOLATILE,plpgsql,search_path=public,postgres,"PUBLIC,sandbox_exec",964
enforce_system_scores_within_weight,"",trigger,t,VOLATILE,plpgsql,search_path=public,postgres,"PUBLIC,sandbox_exec",1336
enqueue_pms_compression_jobs,"",trigger,t,VOLATILE,plpgsql,search_path=public,postgres,sandbox_exec,1829
enqueue_safety_compression_on_insert,"",trigger,t,VOLATILE,plpgsql,search_path=public,postgres,sandbox_exec,434
enqueue_safety_notification,"_recipient uuid, _incident uuid, _kind text, _title text, _body text, _payload jsonb",uuid,t,VOLATILE,plpgsql,search_path=public,postgres,sandbox_exec,321
ensure_org_kpi_scope_rows,"p_category_id uuid, p_kra_name text, p_kpi_name text, p_review_period text, p_review_year integer",jsonb,t,VOLATILE,plpgsql,search_path=public,postgres,sandbox_exec,4929
exclude_annual_review_instance,"p_instance_id uuid, p_reason text",jsonb,t,VOLATILE,plpgsql,search_path=public,postgres,sandbox_exec,1424
expand_cycle_window_months,"p_frequency text, p_anchor text",text[],f,IMMUTABLE,plpgsql,search_path=public,postgres,"PUBLIC,sandbox_exec",948
expire_overdue_permits,"",jsonb,t,VOLATILE,plpgsql,search_path=public,postgres,sandbox_exec,741
find_ongoing_workflow,"p_config_type text, p_config_value text, p_review_period text, p_review_year integer",uuid,t,STABLE,sql,search_path=public,postgres,sandbox_exec,566
find_orphan_criteria_scores,p_cycle_id uuid,"TABLE(instance_id uuid, employee_id uuid, cycle_id uuid, template_id uuid, reviewer_role annual_reviewer_role, response_id uuid, stored_keys text[], current_keys text[], orphan_keys text[], weighted_score numeric, submitted_at timestamp with time zone)",t,STABLE,plpgsql,search_path=public,postgres,sandbox_exec,1663
fiscal_year_for_month,"p_period text, p_fiscal_start_year integer",integer,f,IMMUTABLE,sql,search_path=public,postgres,"PUBLIC,sandbox_exec",426
fn_compute_rating_from_achievement,"p_kpi kpis, p_achieved_value numeric, p_achieved_text text",numeric,f,IMMUTABLE,plpgsql,search_path=public,postgres,"PUBLIC,sandbox_exec",3500
fn_resolve_final_score,"p_stage_scores jsonb, p_workflow_stages text[], p_rule jsonb, p_is_na boolean",jsonb,f,IMMUTABLE,plpgsql,search_path=public,postgres,"PUBLIC,sandbox_exec",6802
fn_sync_org_status_to_future_open_periods,"",trigger,t,VOLATILE,plpgsql,search_path=public,postgres,sandbox_exec,3340
force_reset_annual_review_instance,"p_instance_id uuid, p_new_template_id uuid, p_reason text",jsonb,t,VOLATILE,plpgsql,search_path=public,postgres,sandbox_exec,4677
general_eligibility_validate_anchor,"",trigger,f,VOLATILE,plpgsql,search_path=public,postgres,"PUBLIC,sandbox_exec",293
generate_bundles_from_kpis,"",jsonb,t,VOLATILE,plpgsql,search_path=public,postgres,sandbox_exec,3619
get_active_profile_directory_entries,"","TABLE(id uuid, full_name text, employee_code text, designation text, department_id uuid, department_name text, pms_grade text, is_active boolean)",t,STABLE,sql,search_path=public,postgres,"PUBLIC,sandbox_exec",282
get_active_send_back_markers,p_kpi_ids uuid[],"TABLE(kpi_id uuid, reason text, created_at timestamp with time zone, raised_by uuid)",t,STABLE,sql,search_path=public,postgres,sandbox_exec,722
get_admin_dashboard_stats,"",jsonb,t,STABLE,plpgsql,search_path=public,postgres,sandbox_exec,1087
get_annual_review_access_explain,v_uid uuid,jsonb,t,STABLE,plpgsql,search_path=public,postgres,sandbox_exec,2291
get_annual_review_carry_kra_rows,"p_instance_id uuid, p_fy_start integer","TABLE(kpi_id uuid, review_period text, review_year integer, weightage numeric, is_na boolean, final_score numeric, manager_score numeric, auditor_score numeric, self_score numeric)",t,STABLE,plpgsql,search_path=public,postgres,sandbox_exec,1643
get_annual_review_comprehensive_report,p_cycle_id uuid,"TABLE(instance_id uuid, employee_id uuid, employee_code text, employee_name text, designation text, department_id uuid, department_name text, business_unit_id uuid, business_unit_name text, division_id uuid, division_name text, grade text, doj date, overall_status annual_review_status, is_excluded boolean, excluded_reason text, enabled_stages jsonb, self_score numeric, manager_score numeric, dept_head_score numeric, bu_head_score numeric, hr_score numeric, management_score numeric, total_score numeric, final_rating text, finalized_at timestamp with time zone, updated_at timestamp with time zone, days_pending integer, manager_name text, dept_head_name text, bu_head_name text, hr_name text, management_name text, self_comment text, manager_comment text, dept_head_comment text, bu_head_comment text, hr_comment text, management_comment text, hr_stage_enabled boolean, hr_response_exists boolean, hr_response_submitted_at timestamp with time zone, manager_id uuid, dept_head_id uuid, bu_head_id uuid, hr_id uuid, management_id uuid, cycle_default_stages jsonb, template_id uuid, template_name text, scoring_mode text, criteria_weight numeric, system_weight numeric, kra_weight numeric, kra_points numeric, system_scores jsonb, terminal_criteria_scores jsonb, self_rating_5 numeric, manager_rating_5 numeric, dept_head_rating_5 numeric, bu_head_rating_5 numeric, hr_rating_5 numeric, management_rating_5 numeric, rating_source text, eligibility_inputs jsonb)",t,STABLE,plpgsql,search_path=public,postgres,"PUBLIC,sandbox_exec",10566
get_annual_review_dept_submission_summary,p_cycle_id uuid,"TABLE(department_id uuid, department_name text, total integer, self_submitted integer, manager_done integer, skip_done integer, bu_done integer, hr_done integer, completed integer, submission_pct numeric)",t,STABLE,sql,search_path=public,postgres,"PUBLIC,sandbox_exec",1472
get_annual_review_directory_access,"",jsonb,t,STABLE,sql,search_path=public,postgres,sandbox_exec,61
get_annual_review_monthly_kra_matrix,"p_employee_ids uuid[], p_fy_start integer, p_exclude_na boolean","TABLE(employee_id uuid, review_period text, review_year integer, avg_rating numeric, achieved numeric, out_of numeric, pct numeric, kpi_count integer)",t,STABLE,plpgsql,search_path=public,postgres,"PUBLIC,sandbox_exec",2127
get_annual_review_pending_at_stage,"p_cycle_id uuid, p_stage text, p_page integer, p_page_size integer","TABLE(instance_id uuid, employee_id uuid, employee_code text, employee_name text, department_name text, reviewer_id uuid, reviewer_name text, days_pending integer, updated_at timestamp with time zone, total_count integer)",t,STABLE,plpgsql,search_path=public,postgres,"PUBLIC,sandbox_exec",2330
get_annual_review_recommendations,p_cycle_id uuid,"TABLE(instance_id uuid, dept_head_recommendation text, bu_head_recommendation text, management_recommendation text)",t,STABLE,plpgsql,search_path=public,postgres,"PUBLIC,sandbox_exec",1578
get_annual_review_reviewer_pending_queues,p_cycle_id uuid,"TABLE(reviewer_id uuid, reviewer_name text, stage text, pending_count integer, oldest_days integer)",t,STABLE,sql,search_path=public,postgres,"PUBLIC,sandbox_exec",1438
get_backup_table_order,"","TABLE(table_name text, sort_rank integer)",t,VOLATILE,plpgsql,"search_path=public, pg_catalog",postgres,sandbox_exec,1443
get_bulk_employee_workflows,"employee_ids uuid[], p_review_period text, p_review_year integer","TABLE(employee_id uuid, stages text[])",t,STABLE,plpgsql,search_path=public,postgres,sandbox_exec,3659
get_cycle_months,"p_frequency text, p_month text, p_year integer, p_cycle_start text",text[],f,IMMUTABLE,plpgsql,search_path=public,postgres,"PUBLIC,sandbox_exec",3684
get_cycle_terminal_month,"p_frequency text, p_review_period text, p_review_year integer, p_frequency_cycle_start text",text,t,STABLE,plpgsql,search_path=public,postgres,sandbox_exec,989
get_direct_report_ids,_manager_id uuid,SETOF uuid,t,STABLE,sql,search_path=public,postgres,sandbox_exec,78
get_distinct_active_designations,"",TABLE(designation text),t,STABLE,sql,search_path=public,postgres,sandbox_exec,160
get_distinct_active_pms_grades,"",TABLE(pms_grade text),t,STABLE,sql,search_path=public,postgres,sandbox_exec,154
get_employee_workflow,"employee_uuid uuid, p_review_period text, p_review_year integer",jsonb,t,STABLE,plpgsql,search_path=public,postgres,sandbox_exec,4093
get_employee_workflow_info,"employee_uuid uuid, p_review_period text, p_review_year integer","TABLE(template_id uuid, template_name text, display_name text, stages jsonb, config_source text)",t,STABLE,plpgsql,search_path=public,postgres,sandbox_exec,5752
get_first_kra_rollout,"p_search text, p_company_id uuid, p_bu_id uuid, p_dept_id uuid, p_from timestamp with time zone, p_to timestamp with time zone, p_source text, p_only_missing boolean, p_limit integer, p_offset integer","TABLE(employee_id uuid, full_name text, employee_code text, designation text, department_name text, business_unit_name text, company_name text, doj date, first_kra_period text, first_kra_year integer, first_kra_at timestamp with time zone, first_kra_by uuid, first_kra_by_name text, source text, kpis_in_first_batch integer, total_kpis integer, total_count bigint)",t,STABLE,plpgsql,search_path=public,postgres,sandbox_exec,5267
get_functional_report_ids,_viewer uuid,TABLE(profile_id uuid),t,STABLE,sql,search_path=public,postgres,"PUBLIC,sandbox_exec",134
get_hierarchy_completed_reviews,"p_cycle_id uuid, p_search text, p_page integer, p_page_size integer",jsonb,t,STABLE,plpgsql,search_path=public,postgres,sandbox_exec,2968
get_incentive_program_employees,_program_id uuid,"TABLE(id uuid, full_name text, employee_code text, designation text, department_id uuid, department_name text, business_unit_id uuid, division_id uuid, company_id uuid)",t,STABLE,sql,search_path=public,postgres,sandbox_exec,1136
get_kpi_accessible_user_ids,p_kpi_id uuid,SETOF uuid,t,STABLE,sql,search_path=public,postgres,sandbox_exec,1009
get_kpi_journey_report,"p_period text, p_year integer, p_department text, p_status text, p_type text, p_search text, p_limit integer, p_offset integer",jsonb,t,STABLE,plpgsql,search_path=public,postgres,sandbox_exec,9473
get_kpi_journey_report,"p_period text, p_year integer, p_department text, p_status text, p_type text, p_search text, p_limit integer, p_offset integer, p_employee_status text",jsonb,t,STABLE,plpgsql,search_path=public,postgres,"PUBLIC,sandbox_exec",9202
get_management_dashboard_rows,"p_year integer, p_months text[], p_employee_ids uuid[]","TABLE(id uuid, employee_id uuid, status text, weightage numeric, review_period text, review_year integer, frequency text, final_score numeric, management_score numeric, auditor_score numeric, hr_pms_score numeric, skip_level_score numeric, manager_score numeric, self_score numeric, is_na boolean)",t,STABLE,sql,search_path=public,postgres,sandbox_exec,476
get_management_seeding_gaps,p_management_uid uuid,"TABLE(instance_id uuid, employee_id uuid, employee_code text, employee_name text, overall_status text, enabled_stages jsonb, has_management_stage boolean, has_management_id boolean, bu_head_id uuid, needs_reopen boolean, cycle_id uuid, cycle_name text)",t,STABLE,sql,search_path=public,postgres,sandbox_exec,949
get_manager_team_roster,_viewer_id uuid,"TABLE(id uuid, full_name text, email text, designation text, employee_code text, avatar_url text, department_id uuid, reporting_manager_id uuid, pms_grade text, mobile_number text, is_active boolean, relationship text, department_name text, department_code text)",t,STABLE,sql,search_path=public,postgres,sandbox_exec,1417
get_monthly_trend,"p_from_year integer, p_from_month text, p_to_year integer, p_to_month text, p_include_inactive boolean","TABLE(employee_id uuid, full_name text, employee_code text, designation text, department_id uuid, department_name text, business_unit_id uuid, business_unit_name text, reporting_manager_id uuid, reporting_manager_label text, is_active boolean, review_year integer, review_period text, weighted_score numeric, final_only_score numeric)",t,STABLE,plpgsql,search_path=public,postgres,sandbox_exec,4514
get_my_annual_review_queue,"p_cycle_id uuid, p_page integer, p_page_size integer, p_search text, p_status text, p_scope text",jsonb,t,STABLE,plpgsql,search_path=public,postgres,sandbox_exec,3926
get_my_annual_review_role_counts,p_cycle_id uuid,jsonb,t,STABLE,plpgsql,search_path=public,postgres,sandbox_exec,2697
get_org_kpi_data_entry_snapshot,"p_period text, p_year integer",jsonb,t,STABLE,plpgsql,search_path=public,postgres,sandbox_exec,8605
get_orphaned_annual_reviews,p_cycle_id uuid,"TABLE(instance_id uuid, cycle_id uuid, employee_id uuid, employee_code text, employee_name text, overall_status text, stage text, is_current_stage boolean, reviewer_id uuid, reviewer_code text, reviewer_name text, orphan_reason text, suggested_reviewer_id uuid, suggested_reviewer_code text, suggested_reviewer_name text)",t,STABLE,sql,search_path=public,postgres,"PUBLIC,sandbox_exec",2467
get_profile_directory_entries,_ids uuid[],"TABLE(id uuid, full_name text, employee_code text, is_active boolean)",t,STABLE,sql,search_path=public,postgres,sandbox_exec,140
get_profile_directory_entries_v2,_ids uuid[],"TABLE(id uuid, full_name text, employee_code text, designation text, department_id uuid, department_name text, business_unit_id uuid, business_unit_name text, division_id uuid, division_name text, company_id uuid, company_name text, pms_grade text, is_active boolean)",t,STABLE,sql,search_path=public,postgres,sandbox_exec,701
get_profiles_for_audit_display,p_user_ids uuid[],"TABLE(id uuid, full_name text, email text)",t,STABLE,sql,search_path=public,postgres,sandbox_exec,87
get_public_branding,"",jsonb,t,STABLE,sql,search_path=public,postgres,sandbox_exec,475
get_public_registry_view,"p_search text, p_category_id uuid",jsonb,t,STABLE,plpgsql,search_path=public,postgres,"PUBLIC,sandbox_exec",2225
get_recent_registry_audit,p_limit integer,"TABLE(id uuid, action text, performed_by uuid, performer_name text, category_id uuid, primary_definition_id uuid, affected_definition_id uuid, payload jsonb, reason text, created_at timestamp with time zone)",t,STABLE,plpgsql,search_path=public,postgres,sandbox_exec,542
get_registry_coverage_stats,"",jsonb,t,STABLE,plpgsql,search_path=public,postgres,sandbox_exec,1405
get_registry_pending_suggestion_count,"",jsonb,t,STABLE,plpgsql,search_path=public,postgres,sandbox_exec,515
get_reviewer_dashboard_page,"p_view_level text, p_period text, p_year integer, p_search text, p_department_id uuid, p_designation_id uuid, p_grade_id uuid, p_manager_id uuid, p_emp_status text, p_sort text, p_offset integer, p_limit integer","TABLE(id uuid, full_name text, email text, designation text, department text, grade text, reporting_manager_id uuid, is_active boolean, avatar_url text, total_kpis integer, cleared_kra_set integer, pending_count integer, reviewed_count integer, total_count integer)",t,STABLE,plpgsql,search_path=public,postgres,"PUBLIC,sandbox_exec",4705
get_reviewer_kpis_for_period,"p_period text, p_year integer","TABLE(id uuid, employee_id uuid, category_id uuid, kra_name text, kpi_name text, status text, weightage numeric, review_period text, review_year integer, frequency text, is_org_level boolean, org_level_scope text, uom text, uom_type text, criteria text, target_value numeric, r5 text, r4 text, r3 text, r2 text, r1 text, r0 text, sub_frequency text, frequency_cycle_start text, source_template_id uuid, threshold_mode text, source_of_data text, qualitative_options jsonb, is_issued boolean, ref_code text, is_frequency_locked boolean, require_resubmit_reason boolean, day_count_type text, created_at timestamp with time zone, updated_at timestamp with time zone)",t,STABLE,plpgsql,search_path=public,postgres,sandbox_exec,2700
get_reviewer_roster_slim,"","TABLE(id uuid, full_name text, employee_code text, email text, designation text, pms_grade text, department_id uuid, reporting_manager_id uuid, avatar_url text, level text, is_active boolean, company_id uuid, functional_manager_id uuid)",t,STABLE,plpgsql,search_path=public,postgres,"PUBLIC,sandbox_exec",2370
get_reviewer_submission_scores_for_period,"p_period text, p_year integer","TABLE(kpi_id uuid, manager_score numeric, skip_level_score numeric, hr_pms_score numeric, auditor_score numeric, management_score numeric, final_score numeric, is_na boolean, self_score numeric)",t,STABLE,plpgsql,search_path=public,postgres,sandbox_exec,1626
get_safety_permissions,_user_id uuid,"TABLE(permission_key text, allowed boolean)",t,STABLE,plpgsql,search_path=public,postgres,sandbox_exec,154
get_safety_setting,p_key text,jsonb,t,STABLE,sql,search_path=public,postgres,sandbox_exec,63
get_skip_level_manager,employee_uuid uuid,uuid,t,STABLE,sql,search_path=public,postgres,sandbox_exec,138
get_template_linked_counts,"","TABLE(template_id uuid, linked_count bigint)",t,STABLE,sql,search_path=public,postgres,sandbox_exec,121
get_unlinked_signatures,p_limit integer,"TABLE(category_id uuid, category_name text, kra_name text, kpi_name text, occurrence_count bigint, employee_count bigint, last_seen timestamp with time zone)",t,STABLE,plpgsql,search_path=public,postgres,sandbox_exec,670
get_user_access_profile_rights,p_user_id uuid,"TABLE(menu_key text, can_view boolean, can_add boolean, can_update boolean, can_delete boolean)",t,STABLE,sql,search_path=public,postgres,sandbox_exec,442
get_user_management_visible_employee_ids,p_user_id uuid,TABLE(employee_id uuid),t,STABLE,sql,search_path=public,postgres,sandbox_exec,1390
get_user_org_scope_filters,p_user_id uuid,"TABLE(profile_id uuid, company_id uuid, division_id uuid, business_unit_id uuid, department_id uuid, location text, designation text, pms_grade text, level text)",t,STABLE,sql,search_path=public,postgres,sandbox_exec,380
get_user_role,_user_id uuid,app_role,t,STABLE,sql,search_path=public,postgres,sandbox_exec,71
get_visible_employee_ids,p_user_id uuid,TABLE(employee_id uuid),t,STABLE,sql,search_path=public,postgres,sandbox_exec,1272
guard_annual_review_template_id_stability,"",trigger,f,VOLATILE,plpgsql,search_path=public,postgres,"PUBLIC,sandbox_exec",799
guard_observation_reply_edit,"",trigger,t,VOLATILE,plpgsql,search_path=public,postgres,sandbox_exec,733
guard_observation_self_edit,"",trigger,t,VOLATILE,plpgsql,search_path=public,postgres,sandbox_exec,1839
guard_permit_status_write,"",trigger,f,VOLATILE,plpgsql,search_path=public,postgres,"PUBLIC,sandbox_exec",305
guard_sub_period_reviewer_fields,"",trigger,t,VOLATILE,plpgsql,search_path=public,postgres,"PUBLIC,sandbox_exec",576
handle_new_user,"",trigger,t,VOLATILE,plpgsql,search_path=public,postgres,sandbox_exec,617
handle_query_resolution,"",trigger,t,VOLATILE,plpgsql,search_path=public,postgres,sandbox_exec,763
has_any_safety_role,_user_id uuid,boolean,t,STABLE,sql,search_path=public,postgres,sandbox_exec,390
has_capability,"_user_id uuid, _capability text, _scope_type iac_scope_type, _scope_id uuid",boolean,t,STABLE,sql,search_path=public,postgres,sandbox_exec,525
has_elevated_safety_role,_user_id uuid,boolean,t,STABLE,sql,search_path=public,postgres,sandbox_exec,275
has_menu_access_override,"_user_id uuid, _menu_key text",boolean,t,STABLE,sql,search_path=public,postgres,sandbox_exec,207
has_menu_right,"_user_id uuid, _menu_key text, _action text",boolean,t,STABLE,sql,search_path=public,postgres,sandbox_exec,592
has_profile_menu_access,"_user_id uuid, _menu_key text, _action text",boolean,t,STABLE,sql,search_path=public,postgres,sandbox_exec,558
has_report_access_override,_user_id uuid,boolean,t,STABLE,sql,search_path=public,postgres,sandbox_exec,161
has_responsible_safety_role,_user_id uuid,boolean,t,STABLE,sql,search_path=public,postgres,sandbox_exec,1068
has_role,"_user_id uuid, _role app_role",boolean,t,STABLE,sql,search_path=public,postgres,sandbox_exec,936
has_safety_module_access,_user_id uuid,boolean,t,STABLE,sql,search_path=public,postgres,sandbox_exec,322
has_safety_permission,"_user_id uuid, _key text",boolean,t,STABLE,plpgsql,search_path=public,postgres,sandbox_exec,1043
has_safety_role,"_user_id uuid, _role safety_app_role, _business_unit_id uuid",boolean,t,STABLE,sql,search_path=public,postgres,sandbox_exec,1333
has_scope_membership,"p_user_id uuid, p_scope text, p_division_id uuid, p_business_unit_id uuid, p_department_id uuid, p_location_id uuid, p_pms_grade_id uuid, p_level_id uuid, p_employee_id uuid",boolean,t,STABLE,plpgsql,search_path=public,postgres,sandbox_exec,1812
hydrate_annual_review_system_scores,p_instance_id uuid,jsonb,t,VOLATILE,plpgsql,search_path=public,postgres,"PUBLIC,sandbox_exec",2192
iac_log,"_action text, _target_type text, _target_id text, _payload jsonb",void,t,VOLATILE,plpgsql,search_path=public,postgres,sandbox_exec,188
iac_revoke_on_deactivation,"",trigger,t,VOLATILE,plpgsql,search_path=public,postgres,sandbox_exec,616
iac_sweep_expired,"",integer,t,VOLATILE,plpgsql,search_path=public,postgres,sandbox_exec,520
iac_touch_updated_at,"",trigger,f,VOLATILE,plpgsql,search_path=public,postgres,"PUBLIC,sandbox_exec",52
impl_console_archive_contact,_contact_id uuid,client_contacts,t,VOLATILE,plpgsql,search_path=public,postgres,sandbox_exec,661
impl_console_archive_template,_id uuid,void,t,VOLATILE,plpgsql,search_path=public,postgres,sandbox_exec,677
impl_console_archive_url,_url_id uuid,client_urls,t,VOLATILE,plpgsql,search_path=public,postgres,sandbox_exec,637
impl_console_set_primary_contact,_contact_id uuid,client_contacts,t,VOLATILE,plpgsql,search_path=public,postgres,sandbox_exec,894
impl_console_set_primary_url,_url_id uuid,client_urls,t,VOLATILE,plpgsql,search_path=public,postgres,sandbox_exec,895
impl_console_try_increment_rate,"_actor_id uuid, _client_id uuid, _action text, _bucket_hour timestamp with time zone, _limit integer",integer,t,VOLATILE,plpgsql,search_path=public,postgres,sandbox_exec,660
is_annual_review_admin,_uid uuid,boolean,t,STABLE,sql,search_path=public,postgres,sandbox_exec,83
is_annual_review_reviewer_for_profile,p_profile_id uuid,boolean,t,STABLE,sql,search_path=public,postgres,"PUBLIC,sandbox_exec",247
is_bu_head,p_user_id uuid,boolean,t,STABLE,sql,search_path=public,postgres,sandbox_exec,106
is_bulk_review_enabled,"",boolean,t,STABLE,sql,search_path=public,postgres,sandbox_exec,161
is_canonical_enforcement_period,"p_period text, p_year integer",boolean,f,IMMUTABLE,sql,search_path=public,postgres,"PUBLIC,sandbox_exec",247
is_data_owner_for_employee,"p_employee_id uuid, p_owner_id uuid",boolean,t,STABLE,sql,search_path=public,postgres,sandbox_exec,297
is_feature_flag_enabled_for_me,p_key text,boolean,t,STABLE,plpgsql,search_path=public,postgres,sandbox_exec,2037
is_functional_manager_of,_employee_id uuid,boolean,t,STABLE,sql,search_path=public,postgres,sandbox_exec,137
is_image_url,p_url text,boolean,f,IMMUTABLE,sql,search_path=public,postgres,"PUBLIC,sandbox_exec",92
is_implementation_admin_for,_client_id uuid,boolean,t,STABLE,sql,search_path=public,postgres,sandbox_exec,138
is_mgmt_reopen_enabled,"",boolean,t,STABLE,sql,search_path=public,postgres,sandbox_exec,147
is_month_locked_for_frequency,"p_frequency text, p_month text, p_year integer",boolean,f,IMMUTABLE,plpgsql,search_path=public,postgres,"PUBLIC,sandbox_exec",1027
is_observation_participant,"_user uuid, _observation_id uuid",boolean,t,STABLE,sql,search_path=public,postgres,sandbox_exec,585
is_org_kpi_audit_employee,_profile_id uuid,boolean,t,STABLE,sql,search_path=public,postgres,sandbox_exec,529
is_org_kpi_data_owner_for_profile,p_profile_id uuid,boolean,t,STABLE,sql,search_path=public,postgres,sandbox_exec,421
is_period_locked,"_period_name text, _review_year integer",boolean,t,STABLE,sql,search_path=public,postgres,sandbox_exec,155
is_permit_approver,"_uid uuid, _permit_id uuid",boolean,t,STABLE,sql,search_path=public,postgres,sandbox_exec,176
is_valid_cycle_anchor,"p_frequency text, p_anchor text",boolean,f,IMMUTABLE,plpgsql,search_path=public,postgres,"PUBLIC,sandbox_exec",811
jsonb_url_set_equal,"a jsonb, b jsonb",boolean,f,IMMUTABLE,sql,search_path=public,postgres,"PUBLIC,sandbox_exec",330
kpi_cell_detail,"p_kpi_id uuid, p_emp_id uuid",jsonb,t,STABLE,plpgsql,search_path=public,postgres,sandbox_exec,4409
list_annual_review_pending_reviewers,p_cycle_id uuid,"TABLE(instance_id uuid, cycle_id uuid, cycle_name text, employee_id uuid, employee_name text, stage text, reviewer_id uuid, deadline date, days_to_deadline integer)",t,STABLE,sql,search_path=public,postgres,sandbox_exec,1368
list_annual_review_role_capabilities,"",SETOF annual_review_role_capabilities,t,STABLE,sql,search_path=public,postgres,"PUBLIC,sandbox_exec",78
list_profile_grade_level_orphans,"","TABLE(profile_id uuid, full_name text, orphan_kind text, orphan_value text)",t,STABLE,sql,search_path=public,postgres,sandbox_exec,508
list_profile_identity_drift,"","TABLE(profile_id uuid, auth_email text, auth_employee_code text, auth_full_name text, profile_email text, profile_employee_code text, profile_full_name text)",t,VOLATILE,plpgsql,search_path=public,postgres,sandbox_exec,719
log_employment_status_change,"",trigger,t,VOLATILE,plpgsql,search_path=public,postgres,sandbox_exec,420
log_increment_eligibility_criteria_change,"",trigger,t,VOLATILE,plpgsql,search_path=public,postgres,sandbox_exec,1496
log_increment_eligibility_exclusion_change,"",trigger,t,VOLATILE,plpgsql,search_path=public,postgres,sandbox_exec,1057
log_kpi_status_transition,"",trigger,t,VOLATILE,plpgsql,search_path=public,postgres,sandbox_exec,464
log_pip_status_change,"",trigger,t,VOLATILE,plpgsql,search_path=public,postgres,sandbox_exec,403
log_safety_role_change,"",trigger,t,VOLATILE,plpgsql,search_path=public,postgres,sandbox_exec,937
log_standardization_action,"p_action_type text, p_definition_id uuid, p_category_id uuid, p_payload jsonb, p_affected_row_count integer",uuid,t,VOLATILE,plpgsql,search_path=public,postgres,sandbox_exec,350
log_untracked_submission_changes,"",trigger,t,VOLATILE,plpgsql,search_path=public,postgres,sandbox_exec,1343
lookup_synthetic_email_by_code,"p_code text, p_client_ip text",text,t,VOLATILE,plpgsql,search_path=public,postgres,"PUBLIC,sandbox_exec",1305
mark_audit_reviewed,"p_run_id uuid, p_summary text",jsonb,t,VOLATILE,plpgsql,search_path=public,postgres,sandbox_exec,1209
mark_incident_duplicate,"p_incident_id uuid, p_master_id uuid, p_remarks text",jsonb,t,VOLATILE,plpgsql,search_path=public,postgres,sandbox_exec,2903
mark_overdue_assets,"",jsonb,t,VOLATILE,plpgsql,search_path=public,postgres,sandbox_exec,818
materialize_kpis_for_org_kpi,"p_category_id uuid, p_kra_name text, p_kpi_name text, p_review_period text, p_review_year integer",jsonb,t,VOLATILE,plpgsql,search_path=public,postgres,sandbox_exec,6680
menu_overrides_validate,"",trigger,t,VOLATILE,plpgsql,search_path=public,postgres,sandbox_exec,4044
menu_registry_custom_validate,"",trigger,t,VOLATILE,plpgsql,search_path=public,postgres,sandbox_exec,1955
menu_registry_protect_seeded_delete,"",trigger,t,VOLATILE,plpgsql,search_path=public,postgres,sandbox_exec,155
merge_definitions,"p_keep_id uuid, p_drop_id uuid, p_reason text",jsonb,t,VOLATILE,plpgsql,search_path=public,postgres,sandbox_exec,4543
migrate_okv_on_scope_change,"p_category_id uuid, p_kra_name text, p_kpi_name text, p_review_period text, p_review_year integer, p_old_scope text, p_new_scope text, p_triggered_by uuid",jsonb,t,VOLATILE,plpgsql,search_path=public,postgres,sandbox_exec,9670
month_name_to_index,p_month text,integer,f,IMMUTABLE,sql,search_path=public,postgres,"PUBLIC,sandbox_exec",314
my_review_scope,"p_period text, p_year integer, p_stage text","TABLE(kpi_id uuid, employee_id uuid)",t,STABLE,plpgsql,search_path=public,postgres,sandbox_exec,3348
normalize_increment_eligibility_scope,"",trigger,f,VOLATILE,plpgsql,search_path=public,postgres,"PUBLIC,sandbox_exec",1149
normalize_kpi_text,p text,text,f,IMMUTABLE,sql,search_path=public,postgres,"PUBLIC,sandbox_exec",73
normalize_kpi_text_value,txt text,text,f,IMMUTABLE,sql,search_path=public,postgres,"PUBLIC,sandbox_exec",269
notify_annual_review_stage_change,"",trigger,t,VOLATILE,plpgsql,search_path=public,postgres,sandbox_exec,2393
notify_on_kpi_created,"",trigger,t,VOLATILE,plpgsql,search_path=public,postgres,sandbox_exec,1103
notify_on_kpi_status_change,"",trigger,t,VOLATILE,plpgsql,search_path=public,postgres,sandbox_exec,5347
notify_on_observation_change,"",trigger,t,VOLATILE,plpgsql,search_path=public,postgres,sandbox_exec,2506
notify_on_observation_reply,"",trigger,t,VOLATILE,plpgsql,search_path=public,postgres,sandbox_exec,2187
notify_on_period_locked,"",trigger,t,VOLATILE,plpgsql,search_path=public,postgres,sandbox_exec,749
notify_on_query_raised,"",trigger,t,VOLATILE,plpgsql,search_path=public,postgres,sandbox_exec,702
notify_on_query_resolved,"",trigger,t,VOLATILE,plpgsql,search_path=public,postgres,sandbox_exec,773
notify_on_stage_change,"",trigger,t,VOLATILE,plpgsql,search_path=public,postgres,sandbox_exec,866
open_self_review_for_pending,_cycle_id uuid,integer,t,VOLATILE,plpgsql,search_path=public,postgres,"PUBLIC,sandbox_exec",1435
org_kpi_evidence_parity,"p_review_period text, p_review_year integer","TABLE(okv_id uuid, category_id uuid, kra_name text, kpi_name text, total_emps integer, in_sync integer, drift_value integer, drift_evidence integer, not_propagated integer)",t,VOLATILE,plpgsql,search_path=public,postgres,sandbox_exec,2256
org_kpi_evidence_targeting,p_okv_id uuid,"TABLE(employee_id uuid, employee_name text, department_id uuid, department_name text, kpi_id uuid, kpi_status text, expected_files jsonb, current_urls jsonb, drift_kind text)",t,VOLATILE,plpgsql,search_path=public,postgres,sandbox_exec,3578
override_annual_review_rating,"p_instance_id uuid, p_new_rating text, p_reason text",void,t,VOLATILE,plpgsql,search_path=public,postgres,sandbox_exec,850
percolate_multimonth_score,"",trigger,t,VOLATILE,plpgsql,search_path=public,postgres,sandbox_exec,7641
post_observation_reply,"p_observation_id uuid, p_reply_text text, p_evidence_urls jsonb, p_mentioned_user_ids uuid[]",jsonb,f,VOLATILE,plpgsql,search_path=public,postgres,sandbox_exec,2810
prevent_locked_period_updates,"",trigger,t,VOLATILE,plpgsql,search_path=public,postgres,sandbox_exec,1490
prevent_locked_submission_updates,"",trigger,t,VOLATILE,plpgsql,search_path=public,postgres,sandbox_exec,629
prevent_profile_hr_field_self_edit,"",trigger,t,VOLATILE,plpgsql,search_path=public,postgres,"PUBLIC,sandbox_exec",1078
prevent_self_reporting_manager,"",trigger,f,VOLATILE,plpgsql,search_path=public,postgres,"PUBLIC,sandbox_exec",286
preview_hr_final_sync,p_cycle_id uuid,"TABLE(instance_id uuid, employee_id uuid, current_hr_id uuid, target_hr_id uuid)",t,STABLE,plpgsql,search_path=public,postgres,"PUBLIC,sandbox_exec",911
preview_org_kpi_propagation,"p_kpi_ids uuid[], p_new_value numeric, p_new_self_score numeric, p_overwrite_policy text",jsonb,t,STABLE,plpgsql,search_path=public,postgres,sandbox_exec,2962
preview_split_definition,"p_source_id uuid, p_move_alias_ids uuid[]",jsonb,t,STABLE,plpgsql,search_path=public,postgres,sandbox_exec,1436
promote_signature_to_definition,"p_category_id uuid, p_kra_name text, p_kpi_name text, p_canonical_kra text, p_canonical_kpi text",jsonb,t,VOLATILE,plpgsql,search_path=public,postgres,sandbox_exec,2485
propagate_org_kpi_value,"p_kpi_ratings jsonb, p_is_na boolean, p_remarks text, p_overwrite_policy text",jsonb,t,VOLATILE,plpgsql,search_path=public,postgres,sandbox_exec,10767
reassign_annual_review_reviewer,"p_instance_id uuid, p_role text, p_new_reviewer_id uuid, p_reason text",annual_review_assignment_overrides,t,VOLATILE,plpgsql,search_path=public,postgres,sandbox_exec,3112
reassign_annual_review_reviewer,"p_instance_id uuid, p_role text, p_new_reviewer_id uuid, p_reason text, p_mode text",annual_review_assignment_overrides,t,VOLATILE,plpgsql,search_path=public,postgres,"PUBLIC,sandbox_exec",5090
rebatch_bimonthly_reanchor,"p_employee_ids uuid[], p_dry_run boolean",jsonb,t,VOLATILE,plpgsql,search_path=public,postgres,sandbox_exec,3912
recalculate_bu_head,p_bu_id uuid,uuid,t,VOLATILE,plpgsql,search_path=public,postgres,sandbox_exec,720
recalculate_department_head,p_dept_id uuid,uuid,t,VOLATILE,plpgsql,search_path=public,postgres,sandbox_exec,734
recalculate_hr_head,p_company_id uuid,uuid,t,VOLATILE,plpgsql,search_path=public,postgres,sandbox_exec,994
reconcile_org_kpi_inheritance,p_dry_run boolean,jsonb,t,VOLATILE,plpgsql,search_path=public,postgres,sandbox_exec,3053
reconcile_workflow_statuses,"p_review_period text, p_review_year integer, p_dry_run boolean, p_performed_by uuid, p_kpi_ids uuid[]",jsonb,t,VOLATILE,plpgsql,search_path=public,postgres,sandbox_exec,11405
record_calibration,"p_asset_id uuid, p_performed_at timestamp with time zone, p_next_due_at timestamp with time zone, p_certificate_url text, p_notes text, p_performed_by_name text",jsonb,t,VOLATILE,plpgsql,search_path=public,postgres,sandbox_exec,1922
record_send_back_reason,p_reason text,void,t,VOLATILE,plpgsql,search_path=public,postgres,sandbox_exec,181
refresh_safety_analytics,"",jsonb,t,VOLATILE,plpgsql,search_path=public,postgres,sandbox_exec,836
remap_annual_review_criteria_scores,"p_instance_id uuid, p_prev_template_id uuid",integer,t,VOLATILE,plpgsql,search_path=public,postgres,sandbox_exec,3574
remap_system_scores_by_library_key,"p_old_template_id uuid, p_new_template_id uuid, p_old_system_scores jsonb, p_old_system_scores_raw jsonb",jsonb,t,STABLE,plpgsql,search_path=public,postgres,"PUBLIC,sandbox_exec",2486
rename_incident_evidence,"p_evidence_id uuid, p_new_file_name text",jsonb,t,VOLATILE,plpgsql,search_path=public,postgres,sandbox_exec,1964
reopen_annual_review_cycle,"p_cycle_id uuid, p_reason text",annual_review_cycles,t,VOLATILE,plpgsql,search_path=public,postgres,sandbox_exec,962
repair_all_orphan_criteria_scores,"p_dry_run boolean, p_include_completed boolean","TABLE(instance_id uuid, employee_code text, status text, detected_prev_template uuid, overlap_keys integer, orphan_keys_before integer, response_rows integer, action text)",t,VOLATILE,plpgsql,search_path=public,postgres,sandbox_exec,3523
repair_bu_head_terminal_chains,"p_cycle_id uuid, p_dry_run boolean","TABLE(instance_id uuid, employee_id uuid, old_enabled_stages jsonb, new_enabled_stages jsonb, old_overall_status text, new_overall_status text, applied boolean)",t,VOLATILE,plpgsql,search_path=public,postgres,sandbox_exec,2831
repair_intra_year_cycle_anchor_drift,"p_dry_run boolean, p_safety_ceiling integer",jsonb,t,VOLATILE,plpgsql,search_path=public,postgres,sandbox_exec,3798
repair_multimonth_workflow_drift_v5,p_apply boolean,jsonb,t,VOLATILE,plpgsql,search_path=public,postgres,sandbox_exec,3869
repair_org_kpi_cycle_anchors,p_dry_run boolean,jsonb,t,VOLATILE,plpgsql,search_path=public,postgres,sandbox_exec,2474
repair_org_kpi_entered_unpropagated_rows,"p_category_id uuid, p_kra_name text, p_kpi_name text, p_review_period text, p_review_year integer",jsonb,t,VOLATILE,plpgsql,search_path=public,postgres,sandbox_exec,6535
repair_org_kpi_late_self_backfill,"p_category_id uuid, p_kra_name text, p_kpi_name text, p_review_period text, p_review_year integer, p_dry_run boolean",jsonb,t,VOLATILE,plpgsql,search_path=public,postgres,sandbox_exec,5160
repair_profile_identity,"p_target_id uuid, p_new_employee_code text, p_new_full_name text, p_new_email text, p_clear_email boolean, p_set_inactive boolean, p_reason text",uuid,t,VOLATILE,plpgsql,search_path=public,postgres,sandbox_exec,2495
repair_sibling_frequency_drift_v5,"p_apply boolean, p_kpi_id uuid",jsonb,t,VOLATILE,plpgsql,search_path=public,postgres,sandbox_exec,10590
repercolate_on_submission_update,"",trigger,t,VOLATILE,plpgsql,search_path=public,postgres,sandbox_exec,8627
repercolate_on_workflow_config_change,"",trigger,t,VOLATILE,plpgsql,search_path=public,postgres,sandbox_exec,2791
report_field_overrides_validate,"",trigger,t,VOLATILE,plpgsql,search_path=public,postgres,sandbox_exec,700
report_safety_incident,p_payload jsonb,jsonb,t,VOLATILE,plpgsql,search_path=public,postgres,sandbox_exec,6486
request_org_kpi_revision,"p_kpi_id uuid, p_reason text",jsonb,t,VOLATILE,plpgsql,search_path=public,postgres,sandbox_exec,4542
resolve_bu_head,p_bu_id uuid,uuid,t,STABLE,plpgsql,search_path=public,postgres,sandbox_exec,1552
resolve_canonical_kpi,"p_category_id uuid, p_kra_name text, p_kpi_name text",uuid,t,STABLE,sql,search_path=public,postgres,sandbox_exec,178
resolve_canonical_kpi_batch,p_signatures jsonb,"TABLE(category_id uuid, kra_name text, kpi_name text, definition_id uuid, canonical_kra_name text, canonical_kpi_name text)",t,STABLE,sql,search_path=public,postgres,sandbox_exec,636
resolve_cycle_anchor,"p_frequency text, p_month_idx integer",text,f,IMMUTABLE,plpgsql,search_path=public,postgres,"PUBLIC,sandbox_exec",821
resolve_cycle_anchor,"p_frequency text, p_month_idx integer, p_existing_anchor text",text,f,IMMUTABLE,plpgsql,search_path=public,postgres,"PUBLIC,sandbox_exec",187
resolve_department_head,p_dept_id uuid,uuid,t,STABLE,plpgsql,search_path=public,postgres,sandbox_exec,924
resolve_final_score_rule,"p_employee_id uuid, p_template_id uuid, p_review_period text, p_review_year integer",workflow_final_score_rules,t,STABLE,plpgsql,search_path=public,postgres,sandbox_exec,1855
resolve_global_safety_head,"",uuid,t,STABLE,sql,search_path=public,postgres,sandbox_exec,126
resolve_hr_head,p_company_id uuid,uuid,t,STABLE,plpgsql,search_path=public,postgres,sandbox_exec,242
resolve_management_reviewer,"p_bu_head_id uuid, p_employee_id uuid",uuid,t,STABLE,plpgsql,search_path=public,postgres,sandbox_exec,913
resolve_org_kpi_target_kpis,"p_category_id uuid, p_kra_name text, p_kpi_name text, p_review_period text, p_review_year integer, p_scope text, p_department_id uuid, p_employee_id uuid","TABLE(id uuid, employee_id uuid, target_value numeric, weightage numeric, r5 text, r4 text, r3 text, r2 text, r1 text, r0 text, criteria text, uom text, uom_type text, qualitative_options jsonb, threshold_mode text, is_org_level boolean, org_level_scope text, full_name text, employee_code text, department_id uuid, department_name text)",t,VOLATILE,plpgsql,search_path=public,postgres,sandbox_exec,3661
resolve_safety_incident_sla,"p_type safety_incident_type, p_severity safety_incident_severity, p_priority safety_priority","TABLE(rule_id uuid, target_hours integer, amber_threshold_pct integer)",t,STABLE,sql,search_path=public,postgres,sandbox_exec,323
resolve_safety_routing,"p_bu uuid, p_dept uuid","TABLE(bu_head uuid, manager uuid, second_manager uuid, source text)",t,STABLE,sql,search_path=public,postgres,sandbox_exec,415
resolve_scope_population,"p_scope text, p_division_id uuid, p_business_unit_id uuid, p_department_id uuid, p_location_id uuid, p_pms_grade_id uuid, p_level_id uuid, p_employee_id uuid, p_review_period text, p_review_year integer",SETOF uuid,t,STABLE,plpgsql,search_path=public,postgres,sandbox_exec,1938
resolve_terminal_period,"p_period text, p_year integer, p_frequency text, p_sub_frequency text","TABLE(terminal_period text, terminal_year integer)",f,IMMUTABLE,plpgsql,search_path=public,postgres,"PUBLIC,sandbox_exec",1883
restore_annual_review_instance,"p_instance_id uuid, p_reason text",jsonb,t,VOLATILE,plpgsql,search_path=public,postgres,sandbox_exec,1273
resync_annual_review_dept_head,"p_cycle_id uuid, p_dept_id uuid",jsonb,t,VOLATILE,plpgsql,search_path=public,postgres,"PUBLIC,sandbox_exec",2008
resync_annual_review_reviewer_slots,"p_cycle_id uuid, p_dry_run boolean","TABLE(instance_id uuid, slot text, old_user_id uuid, new_user_id uuid, applied boolean)",t,VOLATILE,plpgsql,search_path=public,postgres,sandbox_exec,1982
resync_org_kpi_evidence,"p_okv_id uuid, p_mode text",jsonb,t,VOLATILE,plpgsql,search_path=public,postgres,sandbox_exec,5813
reverse_standardization_action,p_action_id uuid,jsonb,t,VOLATILE,plpgsql,search_path=public,postgres,sandbox_exec,3933
revert_bimonthly_reanchor,p_batch_id uuid,jsonb,t,VOLATILE,plpgsql,search_path=public,postgres,sandbox_exec,1130
revert_stage_transfer,p_audit_id uuid,void,t,VOLATILE,plpgsql,search_path=public,postgres,"PUBLIC,sandbox_exec",2061
review_action_notes_stamp_completion,"",trigger,f,VOLATILE,plpgsql,search_path=public,postgres,"PUBLIC,sandbox_exec",311
review_drill,"p_drill_id uuid, p_summary text",jsonb,t,VOLATILE,plpgsql,search_path=public,postgres,sandbox_exec,1225
review_note_role_can,"_action text, _user_id uuid",boolean,t,STABLE,plpgsql,search_path=public,postgres,sandbox_exec,879
revive_orphaned_safety_incident,"p_incident_id uuid, p_assigned_to uuid, p_notes text",jsonb,t,VOLATILE,plpgsql,search_path=public,postgres,sandbox_exec,1641
rollback_annual_review_completed,"p_instance_id uuid, p_reason text",annual_review_status,f,VOLATILE,plpgsql,search_path=public,postgres,"PUBLIC,sandbox_exec",4556
rpc_bulk_employee_attrs,p_employee_ids uuid[],"TABLE(id uuid, designation text, pms_grade text, reporting_manager_id uuid, reporting_manager_name text, company_id uuid, department_id uuid, business_unit_id uuid, division_id uuid)",t,STABLE,sql,search_path=public,postgres,"PUBLIC,sandbox_exec",465
rpc_distinct_kpi_periods,"","TABLE(review_period text, review_year integer)",t,STABLE,sql,search_path=public,postgres,sandbox_exec,187
rpc_kpi_employee_matrix_rows,"p_period text, p_year integer, p_employee_ids uuid[], p_category_id uuid","TABLE(kpi_id uuid, employee_id uuid, kra_name text, kpi_name text, description text, weightage numeric, category_id uuid, category_name text)",t,STABLE,sql,search_path=public,postgres,sandbox_exec,368
rpc_kpi_employee_matrix_scope,"p_period text, p_year integer, p_division_id uuid, p_bu_id uuid, p_dept_id uuid, p_category_id uuid, p_search text","TABLE(employee_id uuid, kpi_count bigint)",t,STABLE,sql,search_path=public,postgres,sandbox_exec,893
rpc_kpi_org_flags,p_kpi_ids uuid[],"TABLE(kpi_id uuid, is_org_level boolean, org_level_scope text)",t,STABLE,sql,search_path=public,postgres,sandbox_exec,190
rpc_open_query_counts,p_kpi_ids uuid[],"TABLE(kpi_id uuid, open_count integer)",t,STABLE,sql,search_path=public,postgres,sandbox_exec,233
rpc_org_kpi_filled_keys,"p_period text, p_year integer","TABLE(category_id uuid, kra_name text, kpi_name text, employee_id uuid)",t,STABLE,sql,search_path=public,postgres,sandbox_exec,365
rpc_weightage_eligible_employees,"p_fiscal_start_year integer, p_category_id uuid",TABLE(employee_id uuid),t,STABLE,sql,search_path=public,postgres,sandbox_exec,494
rpc_weightage_variance_summary,"p_fiscal_start_year integer, p_employee_ids uuid[], p_category_id uuid","TABLE(variance_count integer, acknowledged_count integer)",t,STABLE,plpgsql,search_path=public,postgres,sandbox_exec,2084
run_safety_sla_escalations,"",jsonb,t,VOLATILE,plpgsql,search_path=public,postgres,sandbox_exec,2303
safety_analytics_dept_risk_trend,p_months integer,"TABLE(department_id uuid, month date, high_severity integer, total integer)",t,STABLE,sql,search_path=public,postgres,sandbox_exec,297
safety_analytics_recurrence,p_department uuid,"TABLE(location_label text, incident_type text, business_unit_id uuid, department_id uuid, occurrences integer, last_occurred_at timestamp with time zone)",t,STABLE,sql,search_path=public,postgres,sandbox_exec,318
safety_analytics_top_root_causes,p_limit integer,"TABLE(cause text, severity text, incidents integer)",t,STABLE,sql,search_path=public,postgres,sandbox_exec,199
safety_assets_touch_updated_at,"",trigger,f,VOLATILE,plpgsql,search_path=public,postgres,"PUBLIC,sandbox_exec",48
safety_audit_runs_block_status_writes,"",trigger,f,VOLATILE,plpgsql,search_path=public,postgres,"PUBLIC,sandbox_exec",276
safety_audit_runs_touch,"",trigger,f,VOLATILE,plpgsql,search_path=public,postgres,"PUBLIC,sandbox_exec",48
safety_audit_templates_touch,"",trigger,f,VOLATILE,plpgsql,search_path=public,postgres,"PUBLIC,sandbox_exec",48
safety_dashboard_at_risk,p_threshold integer,"TABLE(assigned_to uuid, open_count integer, red_count integer, amber_count integer, worst_sla text, oldest_open_at timestamp with time zone)",t,STABLE,sql,search_path=public,postgres,sandbox_exec,882
safety_drill_counts,"",jsonb,t,VOLATILE,plpgsql,"search_path=public, safety_drill",postgres,sandbox_exec,782
safety_drill_dump,_table text,jsonb,t,VOLATILE,plpgsql,"search_path=public, safety_drill",postgres,sandbox_exec,694
safety_drill_load,"_table text, _rows jsonb",integer,t,VOLATILE,plpgsql,"search_path=public, safety_drill",postgres,sandbox_exec,757
safety_drill_seed,"",jsonb,t,VOLATILE,plpgsql,"search_path=public, safety_drill",postgres,sandbox_exec,1189
safety_drill_truncate,"",void,t,VOLATILE,plpgsql,"search_path=public, safety_drill",postgres,sandbox_exec,469
safety_drills_block_status_writes,"",trigger,f,VOLATILE,plpgsql,search_path=public,postgres,"PUBLIC,sandbox_exec",299
safety_evidence_autoname,"",trigger,t,VOLATILE,plpgsql,search_path=public,postgres,sandbox_exec,1648
safety_incident_before_insert,"",trigger,t,VOLATILE,plpgsql,search_path=public,postgres,sandbox_exec,857
safety_incident_fsm_guard,"",trigger,t,VOLATILE,plpgsql,search_path=public,postgres,sandbox_exec,710
safety_permissions_audit,"",trigger,t,VOLATILE,plpgsql,search_path=public,postgres,sandbox_exec,333
safety_settings_touch,"",trigger,t,VOLATILE,plpgsql,search_path=public,postgres,sandbox_exec,85
safety_training_block_status_writes,"",trigger,t,VOLATILE,plpgsql,search_path=public,postgres,sandbox_exec,235
scan_kpi_duplicate_groups,"p_include_skipped boolean, p_fuzzy_threshold numeric",jsonb,t,VOLATILE,plpgsql,search_path=public,postgres,sandbox_exec,5027
search_active_employees_for_review,"p_query text, p_cycle_id uuid, p_limit integer, p_offset integer","TABLE(employee_id uuid, full_name text, employee_code text, designation text, department_id uuid, has_email boolean, has_signed_in boolean, instance_id uuid, overall_status text, in_my_queue boolean, can_assist_this_employee boolean)",t,STABLE,plpgsql,search_path=public,postgres,"PUBLIC,sandbox_exec",3767
seed_client_setup_checklist,"",trigger,t,VOLATILE,plpgsql,search_path=public,postgres,sandbox_exec,910
send_back_annual_review_status,"p_instance_id uuid, p_reviewer_role annual_reviewer_role, p_reason text",annual_review_status,t,VOLATILE,plpgsql,search_path=public,postgres,"PUBLIC,sandbox_exec",3526
send_email_on_notification,"",trigger,t,VOLATILE,plpgsql,"search_path=public, extensions",postgres,sandbox_exec,6186
set_annual_review_access_setting,"p_key text, p_value boolean, p_reason text",void,t,VOLATILE,plpgsql,search_path=public,postgres,sandbox_exec,1234
set_annual_review_enabled_stages,"p_instance_id uuid, p_enabled_stages jsonb, p_reason text",void,f,VOLATILE,plpgsql,search_path=public,postgres,"PUBLIC,sandbox_exec",3536
set_annual_review_enabled_stages,"p_instance_id uuid, p_enabled_stages jsonb, p_reason text, p_mode text",void,t,VOLATILE,plpgsql,search_path=public,postgres,"PUBLIC,sandbox_exec",6810
set_annual_review_stage_weights_override,"p_instance_id uuid, p_weights jsonb, p_reason text",void,t,VOLATILE,plpgsql,search_path=public,postgres,sandbox_exec,1347
set_annual_review_template_override,"p_instance_id uuid, p_template_id uuid, p_reason text",void,t,VOLATILE,plpgsql,search_path=public,postgres,sandbox_exec,2427
set_bu_head,"p_bu_id uuid, p_user_id uuid, p_reason text",void,t,VOLATILE,plpgsql,search_path=public,postgres,sandbox_exec,781
set_department_head,"p_dept_id uuid, p_user_id uuid, p_reason text",void,t,VOLATILE,plpgsql,search_path=public,postgres,sandbox_exec,785
set_functional_role,"p_user_id uuid, p_new_role app_role",void,t,VOLATILE,plpgsql,search_path=public,postgres,sandbox_exec,3423
set_hr_department,"p_company_id uuid, p_bu_id uuid",void,t,VOLATILE,plpgsql,search_path=public,postgres,sandbox_exec,569
set_hr_head,"p_company_id uuid, p_user_id uuid, p_reason text",void,t,VOLATILE,plpgsql,search_path=public,postgres,sandbox_exec,1052
set_my_team_queue_default_scope,p_scope text,void,t,VOLATILE,plpgsql,search_path=public,postgres,"PUBLIC,sandbox_exec",345
set_safety_setting,"p_key text, p_value jsonb, p_description text",jsonb,t,VOLATILE,plpgsql,search_path=public,postgres,sandbox_exec,543
set_updated_at_safety,"",trigger,t,VOLATILE,plpgsql,search_path=public,postgres,sandbox_exec,52
should_send_email,p_user_id uuid,boolean,t,STABLE,sql,search_path=public,postgres,sandbox_exec,297
split_definition,"p_source_id uuid, p_keep_alias_ids uuid[], p_move_alias_ids uuid[], p_new_kra_name text, p_new_kpi_name text, p_rename_source_kra text, p_rename_source_kpi text, p_reason text",jsonb,t,VOLATILE,plpgsql,search_path=public,postgres,sandbox_exec,5275
stage_ready_kpis,"p_period text, p_year integer, p_stage text","TABLE(kpi_id uuid, employee_id uuid)",t,STABLE,plpgsql,search_path=public,postgres,sandbox_exec,1710
start_drill,p_drill_id uuid,jsonb,t,VOLATILE,plpgsql,search_path=public,postgres,sandbox_exec,1301
strip_cr_from_kpi_text,"",trigger,f,VOLATILE,plpgsql,search_path=public,postgres,"PUBLIC,sandbox_exec",224
submit_annual_review_self_as_proxy,"p_instance_id uuid, p_proxy_submission_id uuid",annual_review_status,t,VOLATILE,plpgsql,search_path=public,postgres,sandbox_exec,2135
submit_audit_run,p_run_id uuid,jsonb,t,VOLATILE,plpgsql,search_path=public,postgres,sandbox_exec,4543
submit_permit,p_permit_id uuid,jsonb,t,VOLATILE,plpgsql,search_path=public,postgres,sandbox_exec,2071
submit_self_review,"p_kpi_id uuid, p_achieved_value numeric, p_self_rating text, p_self_score numeric, p_self_remarks text, p_self_evidence_url text, p_self_evidence_urls jsonb, p_is_na boolean",review_submissions,t,VOLATILE,plpgsql,search_path=public,postgres,sandbox_exec,3114
suggest_alias_candidates,"p_min_similarity numeric, p_limit integer","TABLE(signature_id uuid, category_id uuid, category_name text, signature_kra_name text, signature_kpi_name text, occurrence_count integer, last_seen timestamp with time zone, definition_id uuid, canonical_kra_name text, canonical_kpi_name text, similarity numeric)",t,STABLE,plpgsql,search_path=public,postgres,sandbox_exec,2269
suggest_definition_merges,"p_min_similarity numeric, p_limit integer","TABLE(left_id uuid, right_id uuid, category_id uuid, category_name text, left_kra_name text, left_kpi_name text, right_kra_name text, right_kpi_name text, similarity numeric, left_alias_count integer, right_alias_count integer, left_linked_kpi_count integer, right_linked_kpi_count integer, left_frequency text, left_frequency_mixed boolean, left_r0 text, left_r1 text, left_r2 text, left_r3 text, left_r4 text, left_r5 text, left_r_mixed boolean, right_frequency text, right_frequency_mixed boolean, right_r0 text, right_r1 text, right_r2 text, right_r3 text, right_r4 text, right_r5 text, right_r_mixed boolean)",t,STABLE,plpgsql,search_path=public,postgres,sandbox_exec,4871
suspend_permit,"p_permit_id uuid, p_reason text",jsonb,t,VOLATILE,plpgsql,search_path=public,postgres,sandbox_exec,1259
sync_hr_final_to_current_bu_head,"p_cycle_id uuid, p_performed_by uuid",integer,t,VOLATILE,plpgsql,search_path=public,postgres,"PUBLIC,sandbox_exec",1928
sync_kpi_status_from_submission,"",trigger,t,VOLATILE,plpgsql,search_path=public,postgres,sandbox_exec,1142
sync_okv_evidence_projection,"",trigger,f,VOLATILE,plpgsql,search_path=public,postgres,"PUBLIC,sandbox_exec",1106
sync_previous_employment_status,"",trigger,t,VOLATILE,plpgsql,search_path=public,postgres,sandbox_exec,168
sync_profile_grade_level,"",trigger,f,VOLATILE,plpgsql,search_path=public,postgres,"PUBLIC,sandbox_exec",1198
sync_profile_grade_level_insert,"",trigger,f,VOLATILE,plpgsql,search_path=public,postgres,"PUBLIC,sandbox_exec",814
sync_sub_frequency,"",trigger,f,VOLATILE,plpgsql,search_path=public,postgres,"PUBLIC,sandbox_exec",1251
sync_submission_on_kra_set,"",trigger,t,VOLATILE,plpgsql,search_path=public,postgres,sandbox_exec,1572
tg_annual_review_clear_disabled_reviewer_slots,"",trigger,f,VOLATILE,plpgsql,search_path=public,postgres,"PUBLIC,sandbox_exec",519
tg_annual_review_guard_completion,"",trigger,f,VOLATILE,plpgsql,search_path=public,postgres,"PUBLIC,sandbox_exec",1115
tg_annual_review_set_updated_at,"",trigger,f,VOLATILE,plpgsql,search_path=public,postgres,"PUBLIC,sandbox_exec",47
tg_annual_review_validate_default_enabled_stages,"",trigger,f,VOLATILE,plpgsql,search_path=public,postgres,"PUBLIC,sandbox_exec",635
tg_annual_review_validate_enabled_stages,"",trigger,f,VOLATILE,plpgsql,search_path=public,postgres,"PUBLIC,sandbox_exec",579
tg_ar_instance_template_change_remap,"",trigger,t,VOLATILE,plpgsql,search_path=public,postgres,"PUBLIC,sandbox_exec",1068
tg_ar_no_downstream_rewind,"",trigger,f,VOLATILE,plpgsql,search_path=public,postgres,"PUBLIC,sandbox_exec",1044
tg_ar_stage_score_required,"",trigger,f,VOLATILE,plpgsql,search_path=public,postgres,"PUBLIC,sandbox_exec",1071
tg_ar_template_switch_score_carry,"",trigger,t,VOLATILE,plpgsql,search_path=public,postgres,"PUBLIC,sandbox_exec",347
tg_ar_total_score_scale,"",trigger,f,VOLATILE,plpgsql,search_path=public,postgres,"PUBLIC,sandbox_exec",643
tg_bu_head_change_cascade_hr,"",trigger,t,VOLATILE,plpgsql,search_path=public,postgres,"PUBLIC,sandbox_exec",787
tg_business_units_apply_terminal_rule,"",trigger,t,VOLATILE,plpgsql,search_path=public,postgres,"PUBLIC,sandbox_exec",2215
tg_business_units_cascade_head_to_ar,"",trigger,t,VOLATILE,plpgsql,search_path=public,postgres,"PUBLIC,sandbox_exec",1084
tg_cascade_bu_head_change,"",trigger,t,VOLATILE,plpgsql,search_path=public,postgres,"PUBLIC,sandbox_exec",2107
tg_cascade_department_head_change,"",trigger,t,VOLATILE,plpgsql,search_path=public,postgres,"PUBLIC,sandbox_exec",2225
tg_departments_cascade_head_to_ar,"",trigger,t,VOLATILE,plpgsql,search_path=public,postgres,"PUBLIC,sandbox_exec",1062
tg_normalize_kpi_text,"",trigger,f,VOLATILE,plpgsql,search_path=public,postgres,"PUBLIC,sandbox_exec",156
tg_notifications_enforce_sender_relationship,"",trigger,t,VOLATILE,plpgsql,search_path=public,postgres,"PUBLIC,sandbox_exec",928
tg_org_head_config_cascade_hr_to_ar,"",trigger,t,VOLATILE,plpgsql,search_path=public,postgres,"PUBLIC,sandbox_exec",948
tg_review_submissions_self_column_guard,"",trigger,f,VOLATILE,plpgsql,search_path=public,postgres,"PUBLIC,sandbox_exec",4682
tg_safety_sla_rules_touch,"",trigger,f,VOLATILE,plpgsql,search_path=public,postgres,"PUBLIC,sandbox_exec",52
tg_touch_updated_at,"",trigger,f,VOLATILE,plpgsql,search_path=public,postgres,"PUBLIC,sandbox_exec",48
touch_increment_method_configs,"",trigger,f,VOLATILE,plpgsql,search_path=public,postgres,"PUBLIC,sandbox_exec",47
touch_updated_at_hub,"",trigger,f,VOLATILE,plpgsql,search_path=public,postgres,"PUBLIC,sandbox_exec",48
transfer_annual_review_stage_response,"p_instance_id uuid, p_from_role text, p_to_role text, p_new_reviewer_id uuid, p_drop_from_stage boolean, p_reason text",uuid,t,VOLATILE,plpgsql,search_path=public,postgres,"PUBLIC,sandbox_exec",7638
transition_safety_incident,"p_incident_id uuid, p_to_status safety_incident_status, p_notes text, p_assigned_to uuid",jsonb,t,VOLATILE,sql,search_path=public,postgres,sandbox_exec,109
transition_safety_incident,"p_incident_id uuid, p_to_status safety_incident_status, p_notes text, p_assigned_to uuid, p_final_remarks text",jsonb,t,VOLATILE,plpgsql,search_path=public,postgres,sandbox_exec,5013
trg_apply_final_score_rule,"",trigger,t,VOLATILE,plpgsql,search_path=public,postgres,sandbox_exec,922
trg_audit_org_level_inheritance,"",trigger,t,VOLATILE,plpgsql,search_path=public,postgres,sandbox_exec,1273
trg_autoinherit_org_level_on_kpi_insert,"",trigger,t,VOLATILE,plpgsql,search_path=public,postgres,sandbox_exec,1137
trg_autopull_propagated_org_kpi,"",trigger,t,VOLATILE,plpgsql,search_path=public,postgres,sandbox_exec,2787
trg_kpi_canonical_autolink,"",trigger,t,VOLATILE,plpgsql,search_path=public,postgres,sandbox_exec,1383
trg_kpi_canonical_autolink_audit,"",trigger,t,VOLATILE,plpgsql,search_path=public,postgres,sandbox_exec,1257
trg_profiles_identity_audit_fn,"",trigger,t,VOLATILE,plpgsql,search_path=public,postgres,"PUBLIC,sandbox_exec",879
trg_safety_incident_after_insert,"",trigger,t,VOLATILE,plpgsql,search_path=public,postgres,sandbox_exec,1915
trg_safety_incident_after_status_change,"",trigger,t,VOLATILE,plpgsql,search_path=public,postgres,sandbox_exec,2540
update_sub_period_submissions_updated_at,"",trigger,f,VOLATILE,plpgsql,search_path=public,postgres,"PUBLIC,sandbox_exec",52
update_updated_at_column,"",trigger,f,VOLATILE,plpgsql,search_path=public,postgres,"PUBLIC,sandbox_exec",52
upsert_annual_review_directory_override,"p_user_id uuid, p_override_type text, p_business_unit_ids uuid[], p_can_assist boolean, p_reason text",annual_review_directory_overrides,t,VOLATILE,plpgsql,search_path=public,postgres,sandbox_exec,1495
upsert_annual_review_role_capability,"p_role_source text, p_can_search boolean, p_can_assist boolean, p_assist_scope text, p_reason text",annual_review_role_capabilities,t,VOLATILE,plpgsql,search_path=public,postgres,sandbox_exec,1578
user_can_see_employee,"p_user_id uuid, p_employee_id uuid",boolean,t,STABLE,sql,search_path=public,postgres,sandbox_exec,127
user_mgmt_can_see_employee,"p_user_id uuid, p_employee_id uuid",boolean,t,STABLE,sql,search_path=public,postgres,sandbox_exec,143
validate_annual_score_config,"",trigger,f,VOLATILE,plpgsql,search_path=public,postgres,"PUBLIC,sandbox_exec",431
validate_increment_method_slab,"",trigger,f,VOLATILE,plpgsql,search_path=public,postgres,"PUBLIC,sandbox_exec",412
validate_self_review_bundle_item,"",trigger,t,VOLATILE,plpgsql,search_path=public,postgres,sandbox_exec,503
workflow_change_step_back,"",trigger,t,VOLATILE,plpgsql,search_path=public,postgres,sandbox_exec,8712
