file,table,line
src/components/admin/AdminDailyEntryDialog.tsx,sub_period_submissions,75
src/components/admin/AdminKpiEditorForm.tsx,kpis,183
src/components/admin/AdminKpiEditorForm.tsx,kpis,214
src/components/admin/AdminKpiEditorForm.tsx,kpis,290
src/components/admin/AuditAssignmentDialog.tsx,profiles,37
src/components/admin/AuditAssignmentDialog.tsx,user_roles,30
src/components/admin/BiMonthlyReanchorSection.tsx,review_submissions,71
src/components/admin/BulkTemplateAssignDialog.tsx,kpis,214
src/components/admin/BulkZeroScoreSection.tsx,business_units,127
src/components/admin/BulkZeroScoreSection.tsx,departments,139
src/components/admin/BulkZeroScoreSection.tsx,divisions,117
src/components/admin/CompetencyManagerTab.tsx,review_periods,63
src/components/admin/CompetencyManagerTab.tsx,skill_competencies,88
src/components/admin/CopyKrasDialog.tsx,kpis,103
src/components/admin/CopyKrasDialog.tsx,kpis,129
src/components/admin/CopyKrasDialog.tsx,kpis,179
src/components/admin/EmailTemplateEditor.tsx,system_settings,539
src/components/admin/FeatureFlagsTab.tsx,profiles,75
src/components/admin/JdManagerTab.tsx,designations,35
src/components/admin/JdManagerTab.tsx,employee_job_descriptions,36
src/components/admin/KraIssuanceConfirmDialog.tsx,kpis,65
src/components/admin/MarkOrgLevelDialog.tsx,kpis,43
src/components/admin/OrgKpiMappingDashboard.tsx,kpis,47
src/components/admin/ReconcileOrphanedKpisDialog.tsx,review_periods,117
src/components/admin/ReviewPeriodAuditLog.tsx,profiles,38
src/components/admin/ReviewPeriodAutoRules.tsx,review_period_auto_rules,45
src/components/admin/ReviewPeriodDepartmentLocks.tsx,departments,31
src/components/admin/ReviewPeriodEmployeeLocks.tsx,departments,47
src/components/admin/ReviewPeriodEmployeeLocks.tsx,profiles,36
src/components/admin/RolloverDialog.tsx,profiles,128
src/components/admin/ScoringFixImpactDialog.tsx,kpis,118
src/components/admin/ScoringFixImpactDialog.tsx,review_submissions,136
src/components/admin/ScoringHealthCheck.tsx,kpis,252
src/components/admin/SmartAssignmentDialog.tsx,kpis,77
src/components/admin/WorkflowConfigExport.tsx,user_roles,179
src/components/admin/kpi-standardization/AffectedKpisTable.tsx,profiles,231
src/components/annual-review/AnnualReviewExportMenu.tsx,annual_review_assignment_rules,207
src/components/annual-review/AnnualReviewExportMenu.tsx,business_units,195
src/components/annual-review/AnnualReviewExportMenu.tsx,departments,185
src/components/annual-review/AnnualReviewExportMenu.tsx,profiles,170
src/components/annual-review/CriteriaLibraryImportDialog.tsx,annual_review_criteria_library,119
src/components/annual-review/KraRehydrateCard.tsx,annual_review_cycles,43
src/components/annual-review/PilotAccessCard.tsx,annual_review_cycles,132
src/components/annual-review/PilotAccessCard.tsx,profiles,485
src/components/annual-review/audience/AudienceEmployeePickerSection.tsx,profiles,62
src/components/dashboard/KpiTimeline.tsx,kpi_audit_logs,259
src/components/incentive/AllocationRulesEditor.tsx,business_units,26
src/components/incentive/BusinessUnitManager.tsx,business_units,23
src/components/incentive/CustomTabDataGrid.tsx,profiles,56
src/components/incentive/IncentiveSlabEditor.tsx,business_units,46
src/components/incentive/IncentiveSlabEditor.tsx,companies,38
src/components/incentive/IncentiveSlabEditor.tsx,departments,50
src/components/incentive/IncentiveSlabEditor.tsx,designations,54
src/components/incentive/IncentiveSlabEditor.tsx,divisions,42
src/components/incentive/IncentiveSlabEditor.tsx,pms_grades,58
src/components/incentive/ProductionRatesTab.tsx,business_units,75
src/components/incentive/ProductionRatesTab.tsx,companies,83
src/components/incentive/ProductionRatesTab.tsx,departments,67
src/components/incentive/ProductionTargetGrid.tsx,business_units,47
src/components/management/DirectReporteesMonitor.tsx,business_units,61
src/components/management/DirectReporteesMonitor.tsx,departments,84
src/components/management/DirectReporteesMonitor.tsx,profiles,43
src/components/management/DirectReporteesMonitor.tsx,profiles,76
src/components/management/RecentAuditLog.tsx,profiles,62
src/components/management/ReviewPeriodStatusWidget.tsx,kpis,63
src/components/management/ReviewPeriodStatusWidget.tsx,review_period_locks,87
src/components/management/ReviewPeriodStatusWidget.tsx,review_periods,51
src/components/pip/PIPCreateDialog.tsx,profiles,66
src/components/platform/DataGovernanceOverviewSubTab.tsx,data_classifications,109
src/components/platform/DataGovernanceTab.tsx,audit_policies,813
src/components/platform/DataGovernanceTab.tsx,data_classifications,128
src/components/platform/DataGovernanceTab.tsx,data_classifications,1621
src/components/platform/DataGovernanceTab.tsx,data_classifications,2011
src/components/platform/DataGovernanceTab.tsx,export_policies,1633
src/components/platform/DataGovernanceTab.tsx,privacy_consent_settings,397
src/components/platform/DataGovernanceTab.tsx,retention_policies,1195
src/components/platform/DataGovernanceTab.tsx,sensitive_fields,2023
src/components/platform/ImplementersAuditTab.tsx,clients,130
src/components/platform/ImplementersTab.tsx,client_implementer_assignments,108
src/components/platform/ImplementersTab.tsx,clients,69
src/components/platform/ImplementersTab.tsx,profiles,96
src/components/platform/ImplementersTab.tsx,user_roles,81
src/components/platform/impl-console/CommunicationsTab.tsx,client_contacts,118
src/components/platform/impl-console/CommunicationsTab.tsx,client_contacts,133
src/components/platform/impl-console/DeliveryLogsTab.tsx,profiles,166
src/components/platform/impl-console/TemplatesTab.tsx,client_notification_templates,86
src/components/review/KpiJourneySection.tsx,kpi_audit_logs,396
src/components/review/KpiJourneySection.tsx,kpi_name_aliases,272
src/components/review/KpiJourneySection.tsx,kpis,206
src/components/review/KpiJourneySection.tsx,kpis,314
src/components/review/KpiJourneySection.tsx,profiles,418
src/components/review/KpiJourneySection.tsx,review_submissions,336
src/components/review/PreviousMonthsScoreMini.tsx,kpis,83
src/components/review/PreviousMonthsScoreMini.tsx,review_submissions,96
src/components/safety/EvidencePreviewDialog.tsx,profiles,63
src/components/safety/settings/SafetyPermissionsTab.tsx,safety_permission_keys,29
src/components/safety/settings/SafetyPermissionsTab.tsx,safety_role_permissions,41
src/components/safety/settings/SafetyPermissionsTab.tsx,safety_user_permission_overrides,53
src/contexts/AuthContext.tsx,user_roles,178
src/hooks/annualReview/useInstanceLockedResponses.ts,annual_review_responses,22
src/hooks/useAccessControlAdmin.ts,annual_review_directory_overrides,127
src/hooks/useAccessProfiles.ts,access_profile_assignments,91
src/hooks/useAccessProfiles.ts,access_profile_menu_rights,79
src/hooks/useAccessProfiles.ts,access_profile_org_scope,67
src/hooks/useAccessProfiles.ts,access_profiles,54
src/hooks/useAdminDataEntry.ts,kpis,908
src/hooks/useAllRollbackRequests.ts,kpi_rollback_requests,27
src/hooks/useAllRollbackRequests.ts,kpi_rollback_requests,74
src/hooks/useAllRollbackRequests.ts,org_kpi_data_entry_logs,110
src/hooks/useAllRollbackRequests.ts,profiles,48
src/hooks/useAnnualScoreConfig.ts,annual_score_configs,64
src/hooks/useAuditAssignments.ts,audit_kpi_assignments,24
src/hooks/useAuditAssignments.ts,audit_kpi_assignments,49
src/hooks/useAuditAssignments.ts,kpis,149
src/hooks/useAuditKpiAssignments.ts,audit_kpi_level_assignments,23
src/hooks/useAuditKpiAssignments.ts,profiles,33
src/hooks/useAuditKpiAssignments.ts,user_roles,100
src/hooks/useAuditReassignment.ts,kpis,41
src/hooks/useAuditorWorkloadSummary.ts,audit_kpi_assignments,22
src/hooks/useAuditorWorkloadSummary.ts,audit_kpi_level_assignments,28
src/hooks/useAuditorWorkloadSummary.ts,kpis,81
src/hooks/useAuditorWorkloadSummary.ts,profiles,41
src/hooks/useBackups.ts,backup_logs,41
src/hooks/useBottleneckReport.ts,profiles,71
src/hooks/useBulkReview.ts,audit_kpi_assignments,496
src/hooks/useBulkReview.ts,audit_kpi_level_assignments,500
src/hooks/useBulkSignoffPreviewData.ts,kpis,50
src/hooks/useBulkSignoffPreviewData.ts,review_submissions,59
src/hooks/useCompanies.ts,designations,209
src/hooks/useCompanies.ts,pms_grades,225
src/hooks/useCompanies.ts,sub_branches,191
src/hooks/useCompanyFilter.ts,companies,23
src/hooks/useCompliancePenalty.ts,kpi_audit_logs,165
src/hooks/useCompliancePenalty.ts,kpi_audit_logs,428
src/hooks/useCompliancePenalty.ts,kpi_queries,154
src/hooks/useCompliancePenalty.ts,kpis,134
src/hooks/useCompliancePenalty.ts,kpis,209
src/hooks/useCompliancePenalty.ts,kpis,445
src/hooks/useCompliancePenalty.ts,profiles,459
src/hooks/useComplianceSubFactors.ts,kpi_queries,56
src/hooks/useComplianceSubFactors.ts,kpi_queries,142
src/hooks/useComplianceSubFactors.ts,kpis,40
src/hooks/useComplianceSubFactors.ts,kpis,123
src/hooks/useComplianceSubFactors.ts,review_submissions,168
src/hooks/useConfirmationIncrementRule.ts,confirmation_increment_rules,80
src/hooks/useCumulativeKpis.ts,kpis,58
src/hooks/useCumulativeKpis.ts,kpis,216
src/hooks/useCustomReports.ts,custom_reports,34
src/hooks/useDefinitionSplit.ts,kpi_name_aliases,91
src/hooks/useDummyEmployees.ts,profiles,41
src/hooks/useEmailNotificationSettings.ts,system_settings,90
src/hooks/useEmailTemplateSchedules.ts,system_settings,25
src/hooks/useEmployeeWorkingDays.ts,employee_working_days,27
src/hooks/useEmployeeWorkingDays.ts,employee_working_days,124
src/hooks/useEntitlement.ts,client_action_entitlements,59
src/hooks/useEntitlement.ts,client_module_entitlements,55
src/hooks/useFrequencyConfig.ts,frequency_config,24
src/hooks/useImplementersAuditLog.ts,clients,172
src/hooks/useImplementersAuditLog.ts,profiles,161
src/hooks/useIncentiveCustomTabs.ts,incentive_custom_tab_data,127
src/hooks/useIncentiveCustomTabs.ts,incentive_program_custom_tabs,42
src/hooks/useIncentiveCustomTabs.ts,profiles,137
src/hooks/useIncentiveEligibility.ts,departments,99
src/hooks/useIncentiveEligibility.ts,employee_incentive_eligibility,36
src/hooks/useIncentiveProgramTypes.ts,incentive_program_types,10
src/hooks/useIncentivePrograms.ts,incentive_disqualification_rules,210
src/hooks/useIncentivePrograms.ts,incentive_eligibility_fields,307
src/hooks/useIncentivePrograms.ts,incentive_eligibility_fields,323
src/hooks/useIncentivePrograms.ts,incentive_slabs,74
src/hooks/useIncentiveRecords.ts,kpis,97
src/hooks/useIncentiveRevisions.ts,incentive_score_revisions,10
src/hooks/useIncrementEligibility.ts,business_units,434
src/hooks/useIncrementEligibility.ts,companies,432
src/hooks/useIncrementEligibility.ts,divisions,433
src/hooks/useIncrementEligibility.ts,employee_categories,436
src/hooks/useIncrementEligibility.ts,increment_eligibility_configs,188
src/hooks/useIncrementEligibility.ts,increment_eligibility_configs,206
src/hooks/useIncrementEligibility.ts,increment_eligibility_criteria,290
src/hooks/useIncrementEligibility.ts,increment_eligibility_exclusions,469
src/hooks/useIncrementEligibility.ts,levels,435
src/hooks/useIncrementEligibility.ts,locations,437
src/hooks/useIncrementInputs.ts,profiles,69
src/hooks/useIncrementMethod.ts,increment_method_configs,104
src/hooks/useIncrementMethod.ts,increment_method_configs,143
src/hooks/useIncrementMethod.ts,increment_method_configs,222
src/hooks/useIncrementMethod.ts,increment_method_slabs,87
src/hooks/useIncrementMethod.ts,increment_method_slabs,216
src/hooks/useKpiEmployeeMatrix.ts,profiles,156
src/hooks/useKpiEmployeeMatrix.ts,review_submissions,187
src/hooks/useKpiObservations.ts,kpi_observations,75
src/hooks/useKpiObservations.ts,kpi_observations,99
src/hooks/useKpis.ts,kpi_queries,1579
src/hooks/useKpis.ts,kpi_queries,1628
src/hooks/useKpis.ts,kpis,164
src/hooks/useKpis.ts,kpis,338
src/hooks/useKpis.ts,kpis,355
src/hooks/useKpis.ts,kpis,360
src/hooks/useKpis.ts,kpis,549
src/hooks/useKpis.ts,kpis,953
src/hooks/useKpis.ts,kpis,1671
src/hooks/useKpis.ts,kpis,1761
src/hooks/useKpis.ts,kra_categories,220
src/hooks/useKpis.ts,profiles,226
src/hooks/useKpis.ts,review_periods,645
src/hooks/useKpis.ts,review_periods,1698
src/hooks/useKpis.ts,review_submissions,527
src/hooks/useKpis.ts,review_submissions,580
src/hooks/useManagerSubPeriodOverride.ts,sub_period_submissions,88
src/hooks/useManagerSubPeriodOverride.ts,sub_period_submissions,167
src/hooks/useManagersWithoutKras.ts,user_roles,43
src/hooks/useMenuAccess.ts,menu_access_config,65
src/hooks/useMenuAccess.ts,menu_access_user_overrides,78
src/hooks/useModules.ts,modules,77
src/hooks/useMyKpiLevelAssignments.ts,audit_kpi_level_assignments,19
src/hooks/useMyKpiLevelAssignments.ts,kpis,30
src/hooks/useObservationReplies.ts,kpi_observation_replies,23
src/hooks/useOrgKpiAuditLog.ts,profiles,50
src/hooks/useOrgKpiAuditReview.ts,departments,87
src/hooks/useOrgKpiAuditReview.ts,kpis,53
src/hooks/useOrgKpiAuditReview.ts,org_kpi_values,119
src/hooks/useOrgKpiAuditReview.ts,profiles,74
src/hooks/useOrgKpiAuditReview.ts,review_submissions,96
src/hooks/useOrgKpiDataOwner.ts,kpis,132
src/hooks/useOrgKpiDataOwner.ts,kpis,207
src/hooks/useOrgKpiDataOwner.ts,org_kpi_data_owners,65
src/hooks/useOrgKpiDataOwner.ts,org_kpi_data_owners,138
src/hooks/useOrgKpiDataOwner.ts,org_kpi_data_owners,290
src/hooks/useOrgKpiEvidenceFiles.ts,org_kpi_values,195
src/hooks/useOrgKpiImpact.ts,kpis,53
src/hooks/useOrgKpiSubmissionFallback.ts,kpis,62
src/hooks/useOrgKpiSubmissionFallback.ts,review_submissions,88
src/hooks/useOrgKpiSuggestions.ts,kpis,44
src/hooks/useOrgKpiSuggestions.ts,kpis,54
src/hooks/useOrgKpiSuggestions.ts,kra_categories,63
src/hooks/useOrgKpiValues.ts,kra_categories,506
src/hooks/useOrgKpiValues.ts,org_kpi_values,46
src/hooks/useOrgKpiValues.ts,org_kpi_values,285
src/hooks/useOrgKpiValues.ts,org_kpi_values,443
src/hooks/useOrgLevelKpis.ts,kpis,14
src/hooks/useOrganization.ts,business_units,46
src/hooks/useOrganization.ts,departments,64
src/hooks/useOrganization.ts,departments,334
src/hooks/useOrganization.ts,departments,452
src/hooks/useOrganization.ts,designations,100
src/hooks/useOrganization.ts,divisions,26
src/hooks/useOrganization.ts,employee_categories,186
src/hooks/useOrganization.ts,employment_statuses,211
src/hooks/useOrganization.ts,pms_grades,120
src/hooks/useOrganization.ts,profiles,359
src/hooks/useOrganization.ts,profiles,642
src/hooks/useOrganization.ts,profiles,654
src/hooks/useOrganization.ts,review_submissions,572
src/hooks/useOrganization.ts,sub_branches,82
src/hooks/useOrganization.ts,user_roles,335
src/hooks/useOrganization.ts,workflow_templates,499
src/hooks/usePIP.ts,performance_improvement_plans,96
src/hooks/usePIP.ts,performance_improvement_plans,566
src/hooks/usePIP.ts,pip_audit_logs,169
src/hooks/usePendingSelfReviews.ts,kpi_audit_logs,868
src/hooks/usePendingSelfReviews.ts,kpi_audit_logs,941
src/hooks/usePendingSelfReviews.ts,kpi_queries,96
src/hooks/usePendingSelfReviews.ts,kpi_queries,716
src/hooks/usePendingSelfReviews.ts,kpis,75
src/hooks/usePendingSelfReviews.ts,kpis,190
src/hooks/usePendingSelfReviews.ts,kpis,727
src/hooks/usePendingSelfReviews.ts,kpis,885
src/hooks/usePendingSelfReviews.ts,kpis,956
src/hooks/usePendingSelfReviews.ts,kpis,1149
src/hooks/usePendingSelfReviews.ts,profiles,130
src/hooks/usePendingSelfReviews.ts,profiles,147
src/hooks/usePendingSelfReviews.ts,profiles,271
src/hooks/usePendingSelfReviews.ts,profiles,285
src/hooks/usePendingSelfReviews.ts,profiles,297
src/hooks/usePendingSelfReviews.ts,profiles,361
src/hooks/usePendingSelfReviews.ts,profiles,376
src/hooks/usePendingSelfReviews.ts,profiles,750
src/hooks/usePendingSelfReviews.ts,profiles,905
src/hooks/usePendingSelfReviews.ts,profiles,975
src/hooks/usePendingSelfReviews.ts,profiles,1227
src/hooks/usePendingSelfReviews.ts,profiles,1243
src/hooks/usePendingSelfReviews.ts,review_submissions,235
src/hooks/usePendingSelfReviews.ts,review_submissions,1193
src/hooks/useProductionTargets.ts,business_unit_sub_units,13
src/hooks/useProductionTargets.ts,business_unit_sub_units,28
src/hooks/useProductionTargets.ts,incentive_allocation_rules,120
src/hooks/useProductionTargets.ts,production_targets,78
src/hooks/useQueryWorkflow.ts,kpi_queries,259
src/hooks/useQueryWorkflow.ts,kpi_queries,302
src/hooks/useQueryWorkflow.ts,profiles,234
src/hooks/useQueryWorkflow.ts,profiles,247
src/hooks/useQueryWorkflow.ts,profiles,278
src/hooks/useQueryWorkflow.ts,profiles,317
src/hooks/useReportAccess.ts,report_access_config,42
src/hooks/useReportAccess.ts,report_access_user_overrides,55
src/hooks/useReportAccess.ts,report_registry,69
src/hooks/useRequestOrgKpiRevision.ts,org_kpi_data_owners,47
src/hooks/useRequestOrgKpiRevision.ts,profiles,77
src/hooks/useReviewPeriodGovernance.ts,review_period_locks,92
src/hooks/useReviewerSubPeriodOverride.ts,sub_period_submissions,109
src/hooks/useReviewerSubPeriodOverride.ts,sub_period_submissions,215
src/hooks/useRollbackOrgKpiPropagation.ts,kpis,36
src/hooks/useRollbackOrgKpiPropagation.ts,kpis,211
src/hooks/useRollbackOrgKpiPropagation.ts,org_kpi_data_owners,127
src/hooks/useRollbackOrgKpiPropagation.ts,org_kpi_data_owners,287
src/hooks/useRollbackOrgKpiPropagation.ts,org_kpi_values,76
src/hooks/useRollbackOrgKpiPropagation.ts,org_kpi_values,189
src/hooks/useSafetyAssets.ts,safety_asset_evidence,102
src/hooks/useSafetyAuditLog.ts,profiles,55
src/hooks/useSafetyAudits.ts,safety_audit_run_responses,179
src/hooks/useSafetyAudits.ts,safety_audit_template_items,122
src/hooks/useSafetyEmergency.ts,safety_drill_findings,135
src/hooks/useSafetyEmergency.ts,safety_drill_participants,119
src/hooks/useSafetyIncidentDetail.ts,safety_incident_evidence,117
src/hooks/useSafetyIncidentDetail.ts,safety_incident_evidence,159
src/hooks/useSafetyIncidentDetail.ts,safety_incident_progress_logs,60
src/hooks/useSafetyIncidentDetail.ts,safety_incident_timeline,35
src/hooks/useSafetyIncidents.ts,safety_user_roles,335
src/hooks/useSafetyOrg.ts,business_units,18
src/hooks/useSafetyOrg.ts,departments,31
src/hooks/useSafetyPermits.ts,safety_permit_approvals,146
src/hooks/useSafetyPermits.ts,safety_permit_hira,162
src/hooks/useSafetyPermits.ts,safety_permit_loto_steps,178
src/hooks/useSafetyPermits.ts,safety_permit_type_config,195
src/hooks/useSafetyRoles.ts,safety_user_roles,22
src/hooks/useSafetyRoles.ts,safety_user_roles,40
src/hooks/useSafetySettings.ts,safety_settings,26
src/hooks/useSendBackOrgKpiValue.ts,kpis,90
src/hooks/useSendBackOrgKpiValue.ts,org_kpi_data_owners,40
src/hooks/useSendBackOrgKpiValue.ts,org_kpi_data_owners,235
src/hooks/useSendBackOrgKpiValue.ts,org_kpi_values,225
src/hooks/useSendBackOrgKpiValue.ts,profiles,67
src/hooks/useSendBackOrgKpiValue.ts,profiles,119
src/hooks/useSentBackKpis.ts,kpi_audit_logs,15
src/hooks/useSentBackOrgKpiEmployees.ts,kpis,34
src/hooks/useSubPeriodSubmissions.ts,sub_period_submissions,40
src/hooks/useSubPeriodSubmissions.ts,sub_period_submissions,70
src/hooks/useSystemIssues.ts,pip_milestones,140
src/hooks/useTNI.ts,training_needs,101
src/hooks/useTNI.ts,training_needs,159
src/hooks/useTNI.ts,training_needs,230
src/hooks/useTNI.ts,training_needs,447
src/hooks/useTemplateBundles.ts,template_bundles,63
src/hooks/useVesselMonthlyEntries.ts,vessel_monthly_entries,11
src/hooks/useWorkflowConfig.ts,kpi_audit_logs,229
src/hooks/useWorkflowConfig.ts,workflow_config,62
src/hooks/useWorkflowConfig.ts,workflow_templates,41
src/hooks/useWorkflowResolution.ts,user_roles,38
src/hooks/useWorkflowSettings.ts,workflow_settings,98
src/lib/canonicalRelatedKpis.ts,kpi_name_aliases,82
src/lib/mcp/tools/whoami.ts,user_roles,25
src/lib/safetyIncidentExcelExport.ts,business_units,109
src/lib/safetyIncidentExcelExport.ts,profiles,112
src/lib/safetyIncidentSubmit.ts,safety_incident_evidence,98
src/lib/userEditHydration.ts,profiles,24
src/pages/AuditLogs.tsx,profiles,133
src/pages/ManagementDashboard.tsx,kpi_queries,220
src/pages/ManagementDashboard.tsx,profiles,219
src/pages/ProfileSettings.tsx,kpis,68
src/pages/ProfileSettings.tsx,kra_categories,72
src/pages/ProfileSettings.tsx,skill_competencies,64
src/pages/QueryInbox.tsx,kpi_queries,150
src/pages/QueryInbox.tsx,profiles,169
src/pages/QueryInbox.tsx,profiles,223
src/pages/RegistryBrowser.tsx,kra_categories,37
src/pages/admin/AdminDashboard.tsx,kpis,68
src/pages/admin/ImportData.tsx,business_units,1842
src/pages/admin/ImportData.tsx,business_units,1999
src/pages/admin/ImportData.tsx,departments,1837
src/pages/admin/ImportData.tsx,departments,1994
src/pages/admin/ImportData.tsx,divisions,1847
src/pages/admin/ImportData.tsx,divisions,2004
src/pages/admin/ImportData.tsx,kra_categories,2008
src/pages/admin/ImportData.tsx,locations,1345
src/pages/admin/ImportData.tsx,locations,1852
src/pages/admin/ImportData.tsx,profiles,1592
src/pages/admin/ImportData.tsx,sub_branches,2012
src/pages/admin/ImportData.tsx,user_roles,1856
src/pages/admin/KpiWeightageDashboard.tsx,departments,92
src/pages/admin/KpiWeightageDashboard.tsx,kra_categories,100
src/pages/admin/ModuleHubSettings.tsx,safety_module_access,83
src/pages/admin/ObservationsOverview.tsx,kpi_observations,38
src/pages/admin/ObservationsOverview.tsx,kpis,50
src/pages/admin/ObservationsOverview.tsx,profiles,58
src/pages/admin/OrgKpiDataEntry.tsx,kpis,1186
src/pages/admin/OrgKpiDataEntry.tsx,kpis,1356
src/pages/admin/ReviewPeriods.tsx,kpis,46
src/pages/admin/ReviewPeriods.tsx,review_periods,64
src/pages/annual-review/AnnualReviewFormMapping.tsx,annual_review_instances,364
src/pages/incentive/IncrementInputs.tsx,profiles,111
src/pages/platform/ImplementationConsole.tsx,client_implementer_assignments,123
src/pages/platform/ImplementationConsole.tsx,client_setup_checklist,576
src/pages/platform/ImplementationConsole.tsx,client_urls,662
src/pages/platform/ImplementationConsole.tsx,client_urls,697
src/pages/platform/ImplementationConsole.tsx,client_urls,724
src/pages/platform/ImplementationConsole.tsx,clients,116
src/pages/platform/ImplementationConsole.tsx,user_roles,77
src/pages/platform/PlatformSettings.tsx,action_registry,1261
src/pages/platform/PlatformSettings.tsx,client_action_entitlements,540
src/pages/platform/PlatformSettings.tsx,client_module_entitlements,537
src/pages/platform/PlatformSettings.tsx,clients,1247
src/pages/platform/PlatformSettings.tsx,module_registry,1254
src/pages/platform/PlatformSettings.tsx,profiles,1344
src/pages/reports/AuditTrailReport.tsx,kpis,212
src/pages/reports/AuditTrailReport.tsx,profiles,224
src/pages/reports/DevelopmentReport.tsx,system_settings,59
src/pages/reports/EmployeePerformanceSummary.tsx,review_submissions,187
src/pages/reports/EmployeePerformanceSummary.tsx,review_submissions,376
src/pages/reports/KpiDetailReport.tsx,kra_categories,148
src/pages/reports/KpiDetailReport.tsx,profiles,214
src/pages/reports/ManagerTeamKpiReport.tsx,kpis,66
src/pages/reports/MonthlyScorecardReport.tsx,departments,192
src/pages/reports/MonthlyScorecardReport.tsx,kpis,99
src/pages/reports/MonthlyScorecardReport.tsx,kra_categories,202
src/pages/reports/MonthlyScorecardReport.tsx,profiles,180
src/pages/reports/MonthlyScorecardReport.tsx,review_submissions,135
src/pages/reports/TeamVsManagerScoreReport.tsx,profiles,143
src/pages/reports/VarianceReport.tsx,kpis,68
src/pages/safety/SafetyAuditLog.tsx,profiles,83
src/pages/safety/SafetyIncidentDetail.tsx,profiles,76
src/pages/safety/SafetyIncidents.tsx,business_units,137
src/pages/safety/SafetyIncidents.tsx,profiles,166
src/pages/safety/SafetyIncidents.tsx,profiles,192
src/pages/safety/SafetyUsers.tsx,profiles,131
src/services/annualReview/annualReviewService.ts,annual_review_assignment_rules,1248
src/services/annualReview/annualReviewService.ts,annual_review_instances,644
src/services/annualReview/annualReviewService.ts,annual_review_instances,931
src/services/annualReview/annualReviewService.ts,annual_review_responses,861
src/services/annualReview/annualReviewService.ts,annual_review_responses,1448
src/services/annualReview/annualReviewService.ts,business_units,1047
src/services/annualReview/annualReviewService.ts,business_units,1280
src/services/annualReview/annualReviewService.ts,departments,1043
src/services/annualReview/annualReviewService.ts,departments,1053
src/services/annualReview/annualReviewService.ts,departments,1274
src/services/annualReview/annualReviewService.ts,departments,1286
src/services/annualReview/annualReviewService.ts,profiles,813
src/services/annualReview/annualReviewService.ts,profiles,945
src/services/annualReview/annualReviewService.ts,profiles,1777
src/services/annualReview/archetypeResolver.ts,kpis,32
src/services/annualReview/bfclFormsImport.ts,annual_review_criteria_library,56
src/services/annualReview/bfclFormsImport.ts,annual_review_system_kpis,178
src/services/annualReview/bfclFormsImport.ts,business_units,64
src/services/annualReview/bfclFormsImport.ts,departments,74
src/services/annualReview/bulkAdmin.ts,annual_review_instances,87
src/services/annualReview/bulkAdmin.ts,profiles,79
src/services/annualReview/carryKraScore.ts,kpis,138
src/services/annualReview/criteriaScoreLabels.ts,annual_review_templates,88
src/services/annualReview/cycleBulkDataUpload.ts,annual_review_system_kpis,102
src/services/annualReview/cycleBulkDataUpload.ts,annual_review_templates,219
src/services/annualReview/cycleBulkDataUpload.ts,business_units,246
src/services/annualReview/cycleBulkDataUpload.ts,companies,251
src/services/annualReview/cycleBulkDataUpload.ts,departments,238
src/services/annualReview/eligibilityReportColumns.ts,annual_review_templates,37
src/services/annualReview/formMapping.ts,annual_review_templates,559
src/services/annualReview/formMapping.ts,departments,204
src/services/annualReview/formMapping.ts,profiles,447
src/services/annualReview/formMapping.ts,profiles,561
src/services/annualReview/templateFactory.ts,annual_review_templates,77
src/services/annualReview/templateFactory.ts,business_unit_sub_units,93
src/services/annualReview/templateFactory.ts,departments,91
src/services/iac/iacService.ts,iac_capabilities,26
src/services/iac/iacService.ts,iac_role_capabilities,50
src/services/iac/iacService.ts,iac_roles,37
src/services/iac/iacService.ts,iac_roles,199
src/services/iac/iacService.ts,iac_roles,243
src/services/iac/iacService.ts,iac_roles,343
src/services/iac/iacService.ts,iac_roles,371
src/services/iac/iacService.ts,iac_user_role_assignments,204
src/services/iac/iacService.ts,profiles,192
src/services/iac/iacService.ts,profiles,236
src/services/iac/iacService.ts,profiles,336
src/services/orgHeads/hrHeadResolver.ts,business_units,15
src/services/orgHeads/orgHeadsService.ts,departments,102
src/services/reports/pendingWithResolver.ts,audit_kpi_level_assignments,114
src/services/reports/pendingWithResolver.ts,profiles,150
src/services/reports/pendingWithResolver.ts,user_roles,93
supabase/functions/annual-review-reminders/index.ts,annual_review_cycles,58
supabase/functions/asset-calibration-sweep/index.ts,safety_assets,84
supabase/functions/auto-lock-review-periods/index.ts,kpi_audit_logs,266
supabase/functions/auto-lock-review-periods/index.ts,kpi_queries,260
supabase/functions/auto-lock-review-periods/index.ts,kpis,76
supabase/functions/auto-lock-review-periods/index.ts,kpis,134
supabase/functions/auto-lock-review-periods/index.ts,kpis,248
supabase/functions/auto-lock-review-periods/index.ts,review_period_auto_rules,34
supabase/functions/auto-reconcile-workflow/index.ts,user_roles,41
supabase/functions/auto-rollover-kpis/index.ts,audit_kpi_level_assignments,573
supabase/functions/auto-rollover-kpis/index.ts,profiles,315
supabase/functions/auto-rollover-kpis/index.ts,user_roles,193
supabase/functions/backfill-audit-assignments/index.ts,audit_kpi_level_assignments,53
supabase/functions/backfill-employee-master/index.ts,companies,122
supabase/functions/backfill-employee-master/index.ts,departments,121
supabase/functions/backfill-employee-master/index.ts,profiles,120
supabase/functions/bulk-review-auto-revert/index.ts,review_submissions,57
supabase/functions/bulk-zero-score-non-submitters/index.ts,business_units,141
supabase/functions/bulk-zero-score-non-submitters/index.ts,departments,135
supabase/functions/bulk-zero-score-non-submitters/index.ts,departments,147
supabase/functions/bulk-zero-score-non-submitters/index.ts,kpi_categories,280
supabase/functions/bulk-zero-score-non-submitters/index.ts,kpi_categories,464
supabase/functions/bulk-zero-score-non-submitters/index.ts,kpi_queries,207
supabase/functions/bulk-zero-score-non-submitters/index.ts,kpis,426
supabase/functions/bulk-zero-score-non-submitters/index.ts,kpis,728
supabase/functions/bulk-zero-score-non-submitters/index.ts,org_kpi_values,678
supabase/functions/bulk-zero-score-non-submitters/index.ts,profiles,159
supabase/functions/bulk-zero-score-non-submitters/index.ts,profiles,268
supabase/functions/bulk-zero-score-non-submitters/index.ts,profiles,453
supabase/functions/bulk-zero-score-non-submitters/index.ts,review_submissions,734
supabase/functions/bulk-zero-score-non-submitters/index.ts,workflow_config,478
supabase/functions/bulk-zero-score-non-submitters/index.ts,workflow_config,487
supabase/functions/bulk-zero-score-non-submitters/index.ts,workflow_templates,499
supabase/functions/check-safety-sla/index.ts,safety_user_roles,54
supabase/functions/compress-evidence/index.ts,system_settings,50
supabase/functions/compute-increment/index.ts,business_units,514
supabase/functions/compute-increment/index.ts,confirmation_increment_adjustments,512
supabase/functions/compute-increment/index.ts,confirmation_increment_rules,511
supabase/functions/compute-increment/index.ts,departments,513
supabase/functions/compute-increment/index.ts,divisions,515
supabase/functions/compute-increment/index.ts,employee_categories,516
supabase/functions/compute-increment/index.ts,employment_status_history,522
supabase/functions/compute-increment/index.ts,employment_status_history,523
supabase/functions/compute-increment/index.ts,increment_eligibility_criteria,587
supabase/functions/compute-increment/index.ts,increment_eligibility_exclusions,507
supabase/functions/compute-increment/index.ts,increment_method_slabs,541
supabase/functions/compute-increment/index.ts,increment_run_items,769
supabase/functions/compute-increment/index.ts,kpis,689
supabase/functions/compute-increment/index.ts,profiles,509
supabase/functions/compute-increment/index.ts,profiles,510
supabase/functions/compute-increment/index.ts,review_submissions,708
supabase/functions/compute-increment/index.ts,user_roles,425
supabase/functions/compute-monthly-incentives/index.ts,business_units,113
supabase/functions/compute-monthly-incentives/index.ts,business_units,381
supabase/functions/compute-monthly-incentives/index.ts,departments,129
supabase/functions/compute-monthly-incentives/index.ts,departments,377
supabase/functions/compute-monthly-incentives/index.ts,divisions,383
supabase/functions/compute-monthly-incentives/index.ts,employee_incentive_eligibility,234
supabase/functions/compute-monthly-incentives/index.ts,incentive_disqualification_rules,52
supabase/functions/compute-monthly-incentives/index.ts,incentive_slabs,46
supabase/functions/compute-monthly-incentives/index.ts,incentive_vessel_rates,283
supabase/functions/compute-monthly-incentives/index.ts,profiles,122
supabase/functions/compute-monthly-incentives/index.ts,profiles,132
supabase/functions/compute-monthly-incentives/index.ts,profiles,141
supabase/functions/compute-monthly-incentives/index.ts,profiles,148
supabase/functions/compute-monthly-incentives/index.ts,profiles,195
supabase/functions/compute-monthly-incentives/index.ts,profiles,211
supabase/functions/compute-monthly-incentives/index.ts,vessel_monthly_entries,294
supabase/functions/create-backup/index.ts,user_roles,422
supabase/functions/create-employee/index.ts,employee_categories,125
supabase/functions/create-employee/index.ts,employment_statuses,139
supabase/functions/create-employee/index.ts,locations,112
supabase/functions/detect-retroactive-incentive-changes/index.ts,kpis,31
supabase/functions/detect-retroactive-incentive-changes/index.ts,profiles,204
supabase/functions/detect-retroactive-incentive-changes/index.ts,user_roles,214
supabase/functions/fix-corrupted-binary-scores/index.ts,review_submissions,75
supabase/functions/fix-corrupted-binary-scores/index.ts,review_submissions,125
supabase/functions/fix-corrupted-binary-scores/index.ts,review_submissions,175
supabase/functions/generate-pip-letter/index.ts,pip_milestones,371
supabase/functions/generate-pip-letter/index.ts,system_settings,382
supabase/functions/import-kpis/index.ts,business_units,483
supabase/functions/import-kpis/index.ts,departments,484
supabase/functions/import-kpis/index.ts,divisions,482
supabase/functions/import-kpis/index.ts,kra_categories,481
supabase/functions/import-kpis/index.ts,profiles,480
supabase/functions/manage-implementer/index.ts,client_implementer_assignments,148
supabase/functions/mcp/index.ts,user_roles,32
supabase/functions/propagate-template-change/index.ts,kpis,107
supabase/functions/reap-stuck-backups/index.ts,backup_logs,41
supabase/functions/repair-orphaned-propagations/index.ts,kra_categories,85
supabase/functions/repair-orphaned-propagations/index.ts,kra_categories,419
supabase/functions/repair-orphaned-propagations/index.ts,profiles,79
supabase/functions/repair-orphaned-propagations/index.ts,profiles,406
supabase/functions/repair-orphaned-propagations/index.ts,review_submissions,71
supabase/functions/repair-orphaned-propagations/index.ts,review_submissions,431
supabase/functions/repair-stepped-back-siblings/index.ts,profiles,204
supabase/functions/repair-stepped-back-siblings/index.ts,review_submissions,246
supabase/functions/rescore-backfilled-submissions/index.ts,kpis,173
supabase/functions/rescore-backfilled-submissions/index.ts,profiles,196
supabase/functions/rescore-backfilled-submissions/index.ts,review_submissions,184
supabase/functions/restore-backup/index.ts,user_roles,422
supabase/functions/safety-analytics/index.ts,mv_safety_audit_scoreboard,84
supabase/functions/safety-analytics/index.ts,mv_safety_incident_monthly_trend,86
supabase/functions/safety-analytics/index.ts,mv_safety_incidents_open_vs_closed,83
supabase/functions/safety-analytics/index.ts,mv_safety_permit_throughput,85
supabase/functions/safety-analytics/index.ts,mv_safety_severity_rate,82
supabase/functions/send-email-notification/index.ts,system_settings,1151
supabase/functions/send-email-notification/index.ts,system_settings,1404
supabase/functions/send-monthly-review-reminder/index.ts,kpis,114
supabase/functions/send-monthly-review-reminder/index.ts,profiles,139
supabase/functions/send-monthly-review-reminder/index.ts,system_settings,60
supabase/functions/send-monthly-review-reminder/index.ts,user_roles,42
supabase/functions/send-pending-report-reminder/index.ts,kpis,97
supabase/functions/send-pending-report-reminder/index.ts,org_kpi_data_owners,153
supabase/functions/send-pending-report-reminder/index.ts,org_kpi_values,118
supabase/functions/send-pending-report-reminder/index.ts,system_settings,61
supabase/functions/send-pending-report-reminder/index.ts,user_roles,39
supabase/functions/send-query-observation-reminders/index.ts,kpi_observations,189
supabase/functions/send-query-observation-reminders/index.ts,kpi_queries,104
supabase/functions/send-query-observation-reminders/index.ts,profiles,212
supabase/functions/send-scheduled-emails/index.ts,system_settings,55
supabase/functions/send-scheduled-emails/index.ts,user_roles,37
